time_s,path_error_mm,heading_error_deg,v_left_target,v_right_target,v_left_actual,v_right_actual,omega_cmd,gyro_z,yaw_error,wheel_pi_turn,turn_pwm,left_pwm,right_pwm,x_m,y_m
0.0,0.0003194947028702021,0.04576424999423881,0.4214,0.37860000000000005,0.40013515789473686,0.3998648421052632,-0.2,-0.001263157894736842,-0.19873684210526316,-1.717349999999998,-5.6,42,30,0.0003999999999996809,-5.052631578946025e-10
0.01,0.020978379991045345,0.4995830558653129,0.4214,0.37860000000000005,0.4013327063152917,0.39851740617572295,-0.2,-0.013155608128826017,-0.186844391871174,-1.6046073190574353,-5.542161291523628,41,30,0.0043999250525475425,-1.4075533667116966e-07
0.02,0.07298728480159405,0.9463609947222913,0.4428,0.3572,0.4020476740394306,0.39637614438569685,-0.4,-0.02650247501744722,-0.3734975249825528,-3.1952535283727235,-11.068388822027863,47,25,0.008395191280359812,-8.4636429575242e-07
0.03,0.1554494489653088,1.3764492921676765,0.4428,0.3572,0.4053603710420348,0.39182773205661714,-0.4,-0.06323663077297959,-0.33676336922702044,-3.067362474759917,-10.860148422309823,47,25,0.012383805045441065,-2.8484433223931875e-06
0.04,0.2669120035674667,1.7862475714104393,0.46420000000000006,0.3358,0.40866337361197896,0.38765546933030776,-0.6000000000000001,-0.09816777701715498,-0.5018322229828451,-4.462291419082641,-16.2210865439316,52,20,0.01636726353771843,-7.486685066681038e-06
0.05,0.405741737007352,2.1683137738496607,0.46420000000000006,0.3358,0.41430461534818164,0.38145700947663286,-0.6000000000000001,-0.15349348538106883,-0.44650651461893126,-4.166493457618147,-15.856141475235292,52,20,0.020347249724905023,-1.6336254494468648e-05
0.06,0.5698500654498947,2.5206343429806344,0.48560000000000003,0.3144,0.41958755552023874,0.37585213236007775,-0.8,-0.2043711362624348,-0.5956288637375653,-5.4186332571087075,-21.076681754833366,55,15,0.024325096668101502,-3.14646863573609e-05
0.07,0.7570374670836515,2.8370921919014114,0.48560000000000003,0.3144,0.42689270409565155,0.3683965503496966,-0.8,-0.27334651283156547,-0.5266534871684345,-5.001756916696122,-20.58904889217727,55,15,0.028301778209385238,-5.507385800167984e-05
0.08,0.9647152653730087,3.1168158625932265,0.507,0.29300000000000004,0.4335716774894191,0.3616899275521273,-1.0,-0.3358960277443542,-0.6641039722556459,-6.1511320753318985,-25.70362254366937,55,10,0.03227797414651193,-8.976975101286212e-05
0.09,1.1902453456175408,3.3546753290125415,0.507,0.29300000000000004,0.442048607169095,0.35327133056070936,-1.0,-0.4148470869550732,-0.5851529130449268,-5.646690621899651,-25.124977986246318,55,11,0.036254131750255054,-0.000138216569289343
0.1,1.4306571435154336,3.550734632962338,0.5177,0.2823,0.44955395784695024,0.34588233705463983,-1.1,-0.48444682613229173,-0.6155531738677084,-5.862281416676895,-27.3615979049332,55,9,0.04023050628197482,-0.0002034159317897345
0.11,1.6831410846635548,3.7057222847285463,0.5177,0.2823,0.45737287753686795,0.3382164160325838,-1.1,-0.5568058948798327,-0.5431941051201674,-5.302805488205096,-26.78375206015662,55,9,0.04420719729679883,-0.0002882094140490889
0.12,1.9449310878204353,3.822599131598715,0.5177,0.2823,0.46411650413379657,0.3316460572967552,-1.1,-0.6190207796123429,-0.48097922038765717,-4.719313370393968,-26.249441147170014,55,10,0.04818417093991093,-0.0003953934973883626
0.13,2.2136040422907923,3.9067883721102747,0.5177,0.2823,0.4699119784469243,0.32603170393773534,-1.1,-0.6723377313513502,-0.42766226864864987,-4.2212794018869815,-25.77586371200274,55,10,0.0521612870872606,-0.0005274173588980483
0.14,2.4870814758064106,3.963005988994888,0.5177,0.2823,0.4748830051412578,0.3212404815400085,-1.1,-0.7179557177628472,-0.3820442822371529,-3.79702876081566,-25.364085625761994,55,11,0.05613832080999373,-0.0006863795757591148
0.15,2.7635829645193906,3.9953136433913983,0.5177,0.2823,0.47914202717090393,0.3171535369716877,-1.1,-0.7569555616785807,-0.3430444383214194,-3.435313909301924,-25.00927776667255,55,11,0.06011498076683079,-0.0008740738029192647
0.16,3.0415844059253914,4.007193385812797,0.5177,0.2823,0.4827883887117171,0.31366752539872117,-1.1,-0.7902844080046538,-0.30971559199534626,-3.1259706531526112,-24.70489712005936,55,11,0.06409092573150593,-0.0010920301602838853
0.17,3.3197816606060147,4.001623948631383,0.5177,0.2823,0.4859088068386115,0.3106938651275468,-1.1,-0.8187614098647883,-0.2812385901352118,-2.8600971511006623,-24.444335844879358,55,12,0.06806577950147993,-0.0013415517650797776
0.18,3.5970592593557575,3.981151199946798,0.5177,0.2823,0.4885786266843547,0.30815724458984683,-1.1,-0.8430905705350835,-0.25690942946491657,-2.630045693095891,-24.221520132289523,55,12,0.07203914429562068,-0.0016237466494876838
0.19,3.87246361141976,3.9479505697366966,0.5177,0.2823,0.4908632406099678,0.30599397411388674,-1.1,-0.8638750770844912,-0.2361249229155089,-2.429346054749641,-24.03108065084853,55,12,0.07601061265610495,-0.0019395555563321673
0.2,4.145180107019026,3.9038813219418285,0.5177,0.2823,0.49281943167084047,0.3041504058528119,-1.1,-0.8816309617664887,-0.2183690382335114,-2.252607742192118,-23.86835445719268,55,12,0.07997977781322724,-0.00228977613892827
0.21,4.414513546462786,3.85053329649518,0.5177,0.2823,0.49449655987477725,0.30258149486598385,-1.1,-0.8967993691999694,-0.2032006308000307,-2.095418834523457,-23.729326101058646,55,12,0.08394624244361538,-0.0026750840434304813
0.22,4.679871393201424,3.7892669615565304,0.5177,0.2823,0.49593757470499267,0.3012495152545156,-1.1,-0.909757287151762,-0.19024271284823813,-1.9542471340769825,-23.610551818031162,55,12,0.08790962574670341,-0.003096051280246477
0.23,4.940749417053746,3.7212476232856826,0.5177,0.2823,0.49717986318260565,0.3001229238418912,-1.1,-0.9208268193491328,-0.1791731806508673,-1.826344721695443,-23.509084030874224,55,12,0.09186956877641665,-0.0035531622183192523
0.24,5.196719358316749,3.647474572784102,0.5177,0.2823,0.4982559521373324,0.2991753577119456,-1.1,-0.9302831515204991,-0.16971684847950097,-1.7096554757124487,-23.422402330071705,55,13,0.09582573799079828,-0.004046827471226117
0.25,5.447418300929944,3.5688058618729945,0.5177,0.2823,0.4991940859194988,0.2983847516064991,-1.1,-0.9383613752943912,-0.16163862470560886,-1.6027248313739249,-23.34835260747071,55,13,0.0997778270181155,-0.00457739589006864
0.26,5.69253949292374,3.485979312326655,0.5177,0.2823,0.5000187005393064,0.29773256287509625,-1.1,-0.9452623255336923,-0.15473767446630782,-1.5046112631731536,-23.28509425765289,55,13,0.10372555668050255,-0.005145164835547392
0.27,5.931824395445113,3.3996302844219164,0.5177,0.2823,0.5007508138371024,0.29720309379248067,-1.1,-0.9511575703019708,-0.1488424296980293,-1.414799339067529,-23.23105473581538,55,13,0.1076686733623416,-0.005750388869897918
0.28,6.165055778383189,3.3103066619847814,0.5177,0.2823,0.5014083494641559,0.29678290300911087,-1.1,-0.9561936750235752,-0.14380632497642487,-1.3331145823522612,-23.184890595732806,55,13,0.11160694585747365,-0.0063932869875159845
0.29,6.39205171170592,3.218481452131489,0.5177,0.2823,0.5020064104697196,0.2964602994685359,-1.1,-0.960495845799924,-0.1395041542000761,-1.2596407228410562,-23.145454145848852,55,13,0.11554016087433377,-0.007074048489902913
0.3,6.612660327721474,3.124563347480756,0.5177,0.2823,0.5025575162613317,0.2962249132694629,-1.1,-0.9641710420180788,-0.1358289579819213,-1.1946401969457152,-23.11176493945897,55,13,0.11946811741883441,-0.007792837604676714
0.31,6.826755251193901,3.0289055554509043,0.5177,0.2823,0.50307181467961,0.2960673386933436,-1.1,-0.967310635449843,-0.13268936455015712,-1.1384789547461378,-23.082985409114002,55,13,0.1233906203092088,-0.008549796948412921
0.32,7.03423161211881,2.9318131620987504,0.5177,0.2823,0.5035572789310038,0.29597884501026156,-1.1,-0.9699926818726271,-0.13000731812737298,-1.0915567474067291,-23.05840004744847,55,13,0.12730747310335802,-0.0093450499375576
0.33,7.235002570503531,2.8335492656920898,0.5177,0.2823,0.5040198971708949,0.2959511507766306,-1.1,-0.9722838616554407,-0.12771613834455942,-1.0542441010356134,-23.037397620191783,55,13,0.13121847073619347,-0.010178702259149422
0.34,7.428996294162012,2.7343400868798278,0.5177,0.2823,0.5044638606444141,0.2959762572103335,-1.1,-0.9742411375424325,-0.12575886245756762,-1.0268271371619355,-23.019455970561665,55,13,0.13512339217114316,-0.011050842522186853
0.35,7.616153339758997,2.634379237138429,0.5177,0.2823,0.5048917544951694,0.29604633593465857,-1.1,-0.9759131708435085,-0.12408682915649161,-1.009461281809603,-23.004129037846404,55,13,0.13902199336594342,-0.01196154221983722
0.36,7.7964243945213605,2.5338313044853082,0.5177,0.2823,0.5053047536668365,0.2961536659817896,-1.1,-0.9773415312385365,-0.12265846876146358,-1.0021347232053652,-22.991035767686135,55,13,0.14291400083808004,-0.012910855141070791
0.37,7.969768341545211,2.4328348947510943,0.5177,0.2823,0.5057028247745659,0.29629061449636934,-1.1,-0.9785617302719462,-0.12143826972805394,-1.004642242830267,-22.97985063844914,55,13,0.1467991060902217,-0.013898816376620018
0.38,8.136150615800926,2.331505247608552,0.5177,0.2823,0.5060849334375763,0.29644965513197585,-1.1,-0.9796041042317778,-0.1203958957682223,-1.0165697676448824,-22.97029556821669,55,13,0.1506769611215843,-0.01492544106749293
0.39,8.295541821074199,2.229936528790224,0.5177,0.2823,0.5064492553646853,0.29662341773502177,-1.1,-0.980494568362914,-0.11950543163708605,-1.0372896858303728,-22.962133001188768,55,13,0.1545471752086229,-0.015990723043895004
0.4,8.447916580441214,2.1282038833081,0.5177,0.2823,0.5067933884913912,0.29680476260197824,-1.1,-0.981255261165481,-0.11874473883451908,-1.065966647908422,-22.95516000163437,55,13,0.1584093130893574,-0.017094633497846148
0.41,8.593252594684078,2.026365318915443,0.5177,0.2823,0.5071145626967022,0.29698687241019256,-1.1,-0.9819050947967742,-0.11809490520322585,-1.101573253478722,-22.94920320855507,55,13,0.16226289463182994,-0.018237119823770333
0.42,8.731529884493824,1.924463474488142,0.5177,0.2823,0.5074098430910946,0.2971633548853149,-1.1,-0.9824602252606526,-0.11753977473934751,-1.1429147146490686,-22.94411452562727,55,13,0.16610739601070845,-0.01941810474788165
0.43,8.862730193532292,1.8225273144671525,0.5177,0.2823,0.5076763225685048,0.29732834939664127,-1.1,-0.9829344540741288,-0.11706554592587126,-1.1886613034289935,-22.93976743926816,55,13,0.1699422523590118,-0.020637485849532098
0.44,8.986836530547272,1.7205737780498294,0.5177,0.2823,0.5079112992532197,0.29747663097419985,-1.1,-0.9833395713972888,-0.11666042860271131,-1.2373871436667165,-22.936053873286255,55,13,0.17376686180650103,-0.021895135556291634
0.45,9.103832829845137,1.6186094005262912,0.5177,0.2823,0.5081124346380563,0.29760370571838346,-1.1,-0.9836856491573497,-0.1163143508426504,-1.2876137087254733,-22.932881501917787,55,13,0.17758059076454355,-0.023190901670075606
0.46,9.213703710584989,1.5166319141199753,0.5177,0.2823,0.5082778885876817,0.2977058922164323,-1.1,-0.9839812914544368,-0.11601870854556329,-1.3378562423095124,-22.930171454446306,55,13,0.18138278027115717,-0.024524608454968882
0.47,9.316434316610705,1.414631827002939,0.5177,0.2823,0.5084064279481275,0.2977803843745625,-1.1,-0.9842338484746032,-0.11576615152539693,-1.3866712377559827,-22.92785635433833,55,13,0.18517275317119533,-0.025896058289508944
0.48,9.412010219909691,1.3125939719004565,0.5177,0.2823,0.508497506232504,0.2978252919976375,-1.1,-0.9844495992283478,-0.11555040077165224,-1.4327030944015815,-22.925878644144568,55,13,0.18894982187668105,-0.027305033858161534
0.49,9.50041737229192,1.210499009941823,0.5177,0.2823,0.5085513127105928,0.2978396564718174,-1.1,-0.9846339076578292,-0.11536609234217088,-1.4747281194834811,-22.924189154520754,55,13,0.1927132964322162,-0.028751300829678198
0.5,9.58164209152216,1.1083248711948335,0.5177,0.2823,0.5085687901794843,0.29782343999679484,-1.1,-0.984791355993876,-0.11520864400612407,-1.5116941590633282,-22.92274588179152,55,13,0.19646249260089077,-0.030234610945083087
0.51,9.655671069902562,1.0060481106481773,0.5177,0.2823,0.5085516216941334,0.29777748793698106,-1.1,-0.9849258586782818,-0.11507414132171834,-1.5427543178018577,-22.921512943665366,55,13,0.20019673968748547,-0.03175470541625765
0.52,9.722491395171522,0.9036451572513161,0.5177,0.2823,0.5085021875497617,0.2977034649774511,-1.1,-0.9850407596836949,-0.11495924031630522,-1.5672934588562661,-22.920459687137935,55,13,0.20391538782786972,-0.033311318518431096
0.53,9.782090575527283,0.8010934339197033,0.5177,0.2823,0.5084234947916617,0.2976037668424242,-1.1,-0.9851389156506427,-0.11486108434935738,-1.5849464534223627,-22.91955992640458,55,13,0.20761781449580813,-0.03490418124714486
0.54,9.83445656255845,0.6983723280607737,0.5177,0.2823,0.5083190824429559,0.2974814103245098,-1.1,-0.9852227669086262,-0.11477723309137389,-1.5956074644184555,-22.918791291835312,55,13,0.2113034300099669,-0.03653302490305398
0.55,9.87957776781602,0.5954639950327181,0.5177,0.2823,0.5081929064509919,0.29733990524753573,-1.1,-0.9852943981469917,-0.11470560185300838,-1.5994298890264869,-22.91813467382657,55,13,0.21497168186347562,-0.03819758446665083
0.56,9.917443070631426,0.4923539808400824,0.5177,0.2823,0.5080492090262633,0.29718311271405495,-1.1,-0.9853555902439638,-0.11464440975603629,-1.5968169378189927,-22.91757374770298,55,13,0.21862205774436913,-0.0398976016297962
0.57,9.948041816505386,0.38903165509552134,0.5177,0.2823,0.507892377557409,0.2970150945453349,-1.1,-0.9854078645424026,-0.1145921354575975,-1.5884031810574188,-22.91709456785726,55,13,0.2222540871657856,-0.041632827361717084
0.58,9.971363806894294,0.2854904506109983,0.5177,0.2823,0.5077267986116383,0.29683995918760464,-1.1,-0.9854525206730543,-0.11454747932694576,-1.575027732480245,-22.916685221037973,55,13,0.2258673416779494,-0.04340302390351987
0.59,9.98739928243989,0.1817279116843341,0.5177,0.2823,0.5075567126585365,0.2966617095212868,-1.1,-0.985490668865653,-0.11450933113434714,-1.5577000550088362,-22.91633553016521,55,13,0.22946143368765462,-0.04520796610667067
0.6,9.996138902568156,0.07774555897078708,0.5177,0.2823,0.5073860750808966,0.2964840979649446,-1.1,-0.9855232575511774,-0.11447674244882267,-1.5375596497208885,-22.916036801310526,55,13,0.233036013963107,-0.047047442056485624
0.61,9.997573724884687,-0.026451415472398723,0.5177,0.2823,0.5072184287608414,0.29631049401535847,-1.1,-0.9855510969415092,-0.11444890305849087,-1.51583111897782,-22.915781607550635,55,13,0.23659076795058892,-0.04892125295043349
0.62,9.991695187896456,-0.13085460404532867,0.5177,0.2823,0.507056793062606,0.29614376891964356,-1.1,-0.9855748791727214,-0.11442512082727874,-1.493776268294305,-22.915563604321065,55,13,0.24012541107263247,-0.050829212231812554
0.63,9.97849510029766,-0.23545296669348278,0.5177,0.2823,0.506903573391625,0.2959862015518868,-1.1,-0.9855951955127952,-0.11440480448720491,-1.4726450230182757,-22.915377371679153,55,13,0.24363968321360657,-0.05277114401084525
0.64,9.957965639400571,-0.3402335135755389,0.5177,0.2823,0.5067604947163622,0.2958394087891842,-1.1,-0.9856125510615793,-0.11438744893842079,-1.4536269810640567,-22.91521827955478,55,13,0.24713334262650474,-0.0547468808361074
0.65,9.930099360326402,-0.4451820566301628,0.5177,0.2823,0.5066285615236175,0.2957043027796076,-1.1,-0.9856273773084576,-0.11437262269154247,-1.4378054001794158,-22.915082372638686,55,13,0.250606159513266,-0.05675626090814691
0.66,9.894889446193156,-0.5502511625054922,0.5135390519122451,0.2864609480877549,0.50644672643854,0.29564239573646944,-1.0611126346938795,-0.9850669658975262,-0.07604566879635333,-1.0921992443742599,-21.826120043475186,55,14,0.25405790965747915,-0.058799124655610754
0.67,9.852392600687377,-0.6534330738529814,0.5135390519122451,0.2864609480877549,0.5057598715349925,0.2961078489958008,-1.0611126346938795,-0.9796823483139799,-0.08143028637989957,-1.0892719805305329,-21.852261470905148,55,14,0.25748840079482294,-0.060875257492517
0.68,9.80279604145381,-0.7538642088499451,0.5133676101132988,0.28663238988670126,0.505152820050919,0.29651354725471896,-1.0595103748906425,-0.9749498728794397,-0.0845605020112028,-1.1194295786858515,-21.840783001060835,55,14,0.2608975039297647,-0.06298433038550208
0.69,9.746283083835978,-0.8518288931956878,0.5133676101132988,0.28663238988670126,0.5046013045619485,0.29688026849157756,-1.0595103748906425,-0.970659047057808,-0.08885132783283445,-1.1635555039837804,-21.87503945615219,55,14,0.26428508061719963,-0.06512601258767949
0.7,9.683017510678207,-0.947628727933102,0.5132133467603445,0.2867866532396555,0.5041179044135526,0.29719093137269703,-1.0580686613116308,-0.9669484721535311,-0.09112018915809972,-1.1974027399156992,-21.866352113232253,55,14,0.26765096996011206,-0.06729998134741595
0.71,9.613142941310807,-1.0415056838000962,0.5132133467603445,0.2867866532396555,0.5036752138714089,0.29746765154384336,-1.0580686613116308,-0.9635867398484369,-0.0944819214631939,-1.244298357986703,-21.89540652762343,55,14,0.2709949842235987,-0.0695059190013258
0.72,9.536787452073611,-1.133704653804291,0.513068053467662,0.286931946532338,0.5032823911352846,0.29769544803826165,-1.056710780071608,-0.9606866499860888,-0.09602413008551924,-1.2817784548677094,-21.883044577267192,55,14,0.2743169085110094,-0.07174350616859382
0.73,9.45406350494291,-1.2244124389375963,0.513068053467662,0.286931946532338,0.5029135216320302,0.29789415660375457,-1.056710780071608,-0.9580344160199797,-0.09867636405162827,-1.3314868544525251,-21.90623342885259,55,14,0.2776164992101413,-0.07401241955339626
0.74,9.36507210950643,-1.313822793976148,0.5129239677514617,0.2870760322485384,0.5025777313527949,0.298048603607467,-1.0553641845930994,-0.9557435875949907,-0.09962059699810877,-1.3711967081506273,-21.88887292631389,55,14,0.28089348611857534,-0.07631232699618573
0.75,9.269902469294824,-1.4020765401937205,0.5129239677514617,0.2870760322485384,0.5022507924641353,0.2981772873124389,-1.0553641845930994,-0.9536145100546558,-0.10174967453844364,-1.4219820886908927,-21.907386153518576,55,14,0.2841475733433795,-0.07864288712000062
0.76,9.168635586024822,-1.489327814714068,0.5127732350547478,0.28722676494525223,0.5019433044516322,0.2982644723001516,-1.053955467801381,-0.9517702436985072,-0.10218522410287378,-1.4607591794786867,-21.884234918508948,55,14,0.2873784436727418,-0.08100374661850689
0.77,9.061343503226498,-1.5756801096262358,0.5127732350547478,0.28722676494525223,0.5016321788774398,0.2983289584084255,-1.053955467801381,-0.9500150489206278,-0.10394041888075312,-1.5093689482352535,-21.899305091510996,55,14,0.2905857615284227,-0.08339454201666269
0.78,8.94809253648985,-1.6612566595953704,0.512607538412269,0.28739246158773096,0.5013306916566685,0.2983542505418125,-1.0524069010492436,-0.9484880425927849,-0.10391885845645876,-1.542835524839036,-21.869304299048835,55,14,0.2937691791763123,-0.08581489907780246
0.79,8.828942102044826,-1.7461286709018926,0.512607538412269,0.28739246158773096,0.5010161350024838,0.29836108864111516,-1.0524069010492436,-0.9469861979503207,-0.10542070309892293,-1.5852301987433548,-21.881965801150336,55,14,0.2969283410612376,-0.08826443658139835
0.8,8.703948962582826,-1.8302264086676403,0.4912075384122691,0.30879246158773094,0.5003930213053953,0.298644378477125,-0.8524069010492437,-0.9427506674218241,0.09034376637258046,0.09354282594261498,-16.2933083182153,52,20,0.30006289192769553,-0.09074276651374007
0.81,8.573484647476437,-1.903428577629018,0.4912075384122691,0.30879246158773094,0.4971203713563863,0.30154598554765555,-0.8524069010492437,-0.9138989991062189,0.0614920980569752,0.04156784432885824,-16.438176485808714,52,19,0.3031726824478269,-0.0932492513790858
0.82,8.43857815997675,-1.961455708116676,0.4877284822271148,0.31227151777288525,0.49417186747883585,0.3040946081585771,-0.819892357262755,-0.8882114921507418,0.0683191348879868,0.06304277649848045,-15.708465169972236,52,20,0.3062580010938841,-0.09578275062948305
0.83,8.300266802326105,-2.0046830904041997,0.4877284822271148,0.31227151777288525,0.49114722194196125,0.30669437804483124,-0.819892357262755,-0.8619291770893927,0.04203681982663765,-0.16087618725039174,-15.908752092870474,52,20,0.3093191814044198,-0.0983421391460712
0.84,8.159557994296978,-2.034264219803136,0.48722857722376356,0.3127714227762365,0.48849475164257694,0.30890219840507593,-0.8152203478856407,-0.8392175384929954,0.023997190607354724,-0.34336494948144014,-15.96837844547677,52,20,0.31235658183427045,-0.10092634150946539
0.85,8.01733699120134,-2.0519210855742402,0.48722857722376356,0.3127714227762365,0.4861181163639293,0.3108208650029022,-0.8152203478856407,-0.8191460343973228,0.003925686511682125,-0.5284454825504372,-16.14236786738216,52,20,0.3153705281999983,-0.1035344059549134
0.86,7.874375014601899,-2.0592636960193444,0.48687016456648735,0.3131298354335127,0.48404125617392574,0.31243393972669214,-0.8118706968830589,-0.801903347884269,-0.009967348998789927,-0.6551754122307245,-16.201970959050243,52,20,0.3183613188590511,-0.1061655000948833
0.87,7.731335154907183,-2.0576445053002557,0.48687016456648735,0.3131298354335127,0.4821871907399994,0.31382672059531835,-0.8118706968830589,-0.7867311689003784,-0.025139527982680487,-0.7794760533636198,-16.337274952639113,52,19,0.32132922788896695,-0.10881890809002849
0.88,7.588791556124691,-2.0482959336854965,0.48662320307416135,0.3133767969258387,0.48056986448589917,0.3149941326090005,-0.8095626455529095,-0.7737183732565359,-0.03584427229637355,-0.8597222156892014,-16.390031713214842,52,19,0.3242745164583431,-0.11149401751441225
0.89,7.447235689789698,-2.032247709153298,0.48662320307416135,0.3133767969258387,0.4791337522802621,0.3160008343323195,-0.8095626455529095,-0.762303354896928,-0.047259290655981445,-0.9353421654302505,-16.49262150641034,52,19,0.32719743499656795,-0.1141903154576933
0.9,7.307091348605204,-2.010426204600095,0.48646390532845696,0.3135360946715431,0.4778870654366714,0.316847710904316,-0.808073881574364,-0.7525203482820346,-0.05555353329232937,-0.9794490635121513,-16.539549838844327,52,19,0.3300982304261067,-0.11690737750600312
0.91,7.168720230204622,-1.983607406909223,0.48646390532845696,0.3135360946715431,0.4767915794673382,0.3175817430180239,-0.808073881574364,-0.7439711983612816,-0.06410268321308243,-1.0183100531854994,-16.616664689313545,52,19,0.3329771462606081,-0.1196448629386085
0.92,7.032433246369854,-1.9524806050790258,0.4863741154019702,0.31362588459802987,0.4758506923384531,0.3182076542088368,-0.8072347233828984,-0.7366497108860578,-0.07058501249684057,-1.0365770044073974,-16.659640929782903,52,19,0.3358344258041155,-0.12240250488039113
0.93,6.898495393556623,-1.9176273887040647,0.4863741154019702,0.31362588459802987,0.4750392259823665,0.31875783447608863,-0.8072347233828984,-0.73028687619756,-0.07694784718533831,-1.0499917792700266,-16.717243585537787,53,19,0.3386703102217526,-0.12518010427761203
0.94,6.7671340797797725,-1.8795560483184126,0.4863401826981507,0.31365981730184933,0.47435598932039746,0.31923953205619304,-0.8069175953098195,-0.7248432582439459,-0.08207433706587364,-1.0523177587633976,-16.75791624503958,53,19,0.34148503837984445,-0.12797752049580502
0.95,6.6385433781698096,-1.8387013065973938,0.4863401826981507,0.31365981730184933,0.4737854258264837,0.31967299930853726,-0.8069175953098195,-0.7201515257847962,-0.0867660695250233,-1.0507088311613613,-16.800606032091384,53,19,0.3442788433856732,-0.13079466402573833
0.96,6.51288993980363,-1.7954349107447816,0.4863519357076385,0.31364806429236153,0.47332184547572137,0.32006710044744674,-0.8070274365199858,-0.7161436683564234,-0.09088376816356236,-1.046170039379204,-16.84030122242461,53,19,0.3470519499914177,-0.1336314872676029
0.97,6.390316715047181,-1.7500824555575532,0.4863519357076385,0.31364806429236153,0.4729567582118915,0.3204318698685397,-0.8070274365199858,-0.7127331230997748,-0.094294313420211,-1.0386590236538624,-16.871573694347585,53,19,0.3498045703495255,-0.1364879762624438
0.98,6.270946883345302,-1.7029143191578928,0.4864018358988827,0.31359816410111735,0.4726801054600879,0.32077722851274004,-0.8074937934475016,-0.7098265277913453,-0.09766726565615635,-1.0349907582550237,-16.911342293304173,53,19,0.3525369000132002,-0.139364141822761
0.99,6.154887115231792,-1.654176905894666,0.4864018358988827,0.31359816410111735,0.47248867912342885,0.321104570738169,-0.8074937934475016,-0.7074023756320555,-0.10009141781544606,-1.0289277217094501,-16.933843702563077,53,19,0.355249113764769,-0.14226001086212234
1.0,6.042229853440066,-1.6040669789393163,0.48648429359977574,0.3135157064002243,0.4723683017341823,0.32142464780784874,-0.808264426166128,-0.7053441772258577,-0.1029202489402703,-1.0320180023460952,-16.97451026374893,53,19,0.3579413612345096,-0.14517561833089515
1.01,5.933056191598818,-1.5527753245682243,0.48648429359977574,0.3135157064002243,0.4723199129243152,0.3217316004837739,-0.808264426166128,-0.7036837029931833,-0.10458072317294476,-1.032571033833949,-16.990241031928512,53,19,0.3606137636370425,-0.148110998879498
1.02,5.827436781094361,-1.500446729455038,0.4865951181486821,0.31340488185131793,0.4723256167342979,0.32203708182836116,-0.8093001696138514,-0.7022828733922278,-0.10701729622162359,-1.0460811417961868,-17.032437404966018,53,19,0.3632664099024586,-0.1510661802098014
1.03,5.72543441628907,-1.4472345512809643,0.4865951181486821,0.31340488185131793,0.47238988853785685,0.3223292651821416,-0.8093001696138514,-0.701217866148202,-0.1080823034656494,-1.0559926744337709,-17.042908781114935,53,19,0.3658993550111111,-0.15404117583577218
1.04,5.627103807445423,-1.3932480364887514,0.48673108083831695,0.3132689191616831,0.4724916583286949,0.32262101267684073,-0.8105708489562331,-0.7003301198684772,-0.11024072908775595,-1.0811939346646116,-17.08709568465485,53,19,0.36851261730259144,-0.15703598046058906
1.05,5.532493979581032,-1.338616622988731,0.48673108083831695,0.3132689191616831,0.4726387122940664,0.3228957531154668,-0.8105708489562331,-0.6997334541056057,-0.11083739485062738,-1.1007757972532728,-17.093449523704667,53,19,0.37110617885804287,-0.16005056449219052
1.06,5.441647132549501,-1.2834259446105685,0.48688957575287084,0.3131104242471292,0.4728074562048073,0.3231680154403616,-0.8120521098399139,-0.6992497231983444,-0.1128023866415695,-1.1366522665042056,-17.13993165134793,53,19,0.3736799843546725,-0.16308487191618393
1.07,5.354600974405628,-1.2277909225020522,0.48688957575287084,0.3131104242471292,0.4730090102275706,0.32341763730802164,-0.8120521098399139,-0.6990251071006962,-0.11302700273921773,-1.1640476307612018,-17.143031923122404,53,19,0.3762339436456017,-0.16613881700176783
1.08,5.271386875864229,-1.1717816054310835,0.4870683676242471,0.31293163237575294,0.4732179492907193,0.32366132354089555,-0.8137230619088514,-0.6988627371487093,-0.11486032476014207,-1.207668912534279,-17.19197130838552,53,19,0.3787679322020805,-0.16921228489139686
1.09,5.19203226355343,-1.1155042537073065,0.4870683676242471,0.31293163237575294,0.47344886344908466,0.32387636910098383,-0.8137230619088514,-0.6989368894771064,-0.11478617243174494,-1.2393632961466543,-17.192473965019122,53,19,0.38128179573017146,-0.1723051306301367
1.1,5.116558259948374,-1.059018072912576,0.4872654173062487,0.3127345826937513,0.4736751601133556,0.32408211440207596,-0.8155646477219507,-0.6990329238844842,-0.11653172383746646,-1.2864871465493697,-17.24390487435932,53,19,0.3837753519355321,-0.17541718237933906
1.11,5.044982253413946,-1.0024235802725114,0.4872654173062487,0.3127345826937513,0.4739150260298782,0.3242542057321027,-0.8155646477219507,-0.6993496275596984,-0.11621502016225227,-1.3180088838326522,-17.242311057926543,53,19,0.38624839674063216,-0.17854824256714033
1.12,4.977315191380249,-0.9457712607427702,0.48747877507084547,0.3125212249291546,0.4741412615286641,0.3244149402455355,-0.8175586455219201,-0.6996557069305073,-0.11790293859141288,-1.3638358527970416,-17.29615814110229,53,19,0.38870070686069336,-0.18169809330815995
1.13,4.913564421592362,-0.8891565499283838,0.48747877507084547,0.3125212249291546,0.47437566968070616,0.32453900647964756,-0.8175586455219201,-0.7001713233694327,-0.11738732215248748,-1.3905547291469171,-17.292854475866054,53,19,0.39113204698484527,-0.18486649915727468
1.14,4.8537307739659,-0.8326214390504605,0.48770653046279266,0.3122934695372074,0.47459084128093265,0.3246517749269757,-0.8196872005868473,-0.7006498427754998,-0.1190373578113475,-1.4305320200834504,-17.348954457402307,53,19,0.39354217249967716,-0.18805321403477598
1.15,4.797811732966412,-0.7762554268489423,0.48770653046279266,0.3122934695372074,0.4748120425165172,0.3247274292743727,-0.8196872005868473,-0.7013299684212362,-0.11835723216561111,-1.448447447369989,-17.344243271810925,53,19,0.39593083690046926,-0.19125798481993056
1.16,4.745798403701183,-0.7200910947580934,0.48794680562926185,0.3120531943707382,0.4750118519616541,0.32479429125163684,-0.8219327628902973,-0.7019512182711088,-0.11998154461918842,-1.4790099334679685,-17.40236922608676,53,19,0.39829779395929693,-0.1944805588885884
1.17,4.6976790335635235,-0.6642103855838514,0.48794680562926185,0.3120531943707382,0.47521864482713916,0.32482624287346995,-0.8219327628902973,-0.7027682334283605,-0.11916452946193679,-1.485419436316889,-17.396490908851185,53,19,0.40064280464956836,-0.1977206876474511
1.18,4.653435914789591,-0.6086351423053229,0.4881977774869378,0.3118022225130622,0.4754049761181016,0.324854198196438,-0.8242782942704465,-0.7035083080451571,-0.12076998622528945,-1.5045635263784443,-17.456377212597307,54,19,0.40296563812999087,-0.20097813372246964
1.19,4.613049230888323,-0.5534380730637587,0.4881977774869378,0.3118022225130622,0.47560178542296194,0.3248517075641011,-0.8242782942704465,-0.704439616162901,-0.11983867810754556,-1.4985183266554754,-17.44952645622083,54,19,0.4052660775907264,-0.20425267353290852
1.2,4.576492741217581,-0.49879600704096366,0.5095977774869378,0.29040222251306225,0.4760929442376138,0.3245401808407053,-1.0242782942704465,-0.7081904831631239,-0.31608781110732254,-3.202618004234923,-23.04287133898686,55,13,0.4075439186364432,-0.20754410389891229
1.21,4.543418966615613,-0.4548996194414439,0.5095977774869378,0.29040222251306225,0.4792212738712654,0.3215826104230107,-1.0242782942704465,-0.7366292684497883,-0.2876490258206582,-3.1653867513854737,-22.901890979572222,55,13,0.40979870986298905,-0.21085242212030408
1.22,4.512815465788249,-0.42608155146212284,0.5124809800516792,0.28751901994832085,0.4820073445181643,0.3189644933839506,-1.0512241126325157,-0.7618824819355777,-0.28934163069693797,-3.143019764135855,-23.478950141959764,55,13,0.4120294628550792,-0.21417801268458692
1.23,4.483664307036154,-0.4117278824859862,0.5124809800516792,0.28751901994832085,0.48479029677307156,0.31635272213946314,-1.0512241126325157,-0.7870914702505069,-0.26413264238200884,-2.9130357485566507,-23.28519553725176,55,13,0.41423519080078763,-0.21752126821822254
1.24,4.454990357554921,-0.41059567213487036,0.5124809923138531,0.28751900768614697,0.4872033664605049,0.3141197737711837,-1.0512242272322716,-0.808801834996828,-0.2424223922354436,-2.680237351167735,-23.101910577409758,55,13,0.41641494717155475,-0.22088256202178155
1.25,4.425942458689378,-0.42080314616905884,0.5124809923138531,0.28751900768614697,0.48929282133807606,0.3122245003707277,-1.0512242272322716,-0.8274220605950857,-0.22380216663718588,-2.4754450390950025,-22.937848525218122,55,13,0.4185678925509001,-0.22426220341876205
1.26,4.395791377411593,-0.440700327485446,0.5124435989334309,0.28755640106656916,0.4911038636942774,0.31062597682731496,-1.0508747563872045,-0.8433546115278615,-0.207520144859343,-2.2934848139448034,-22.784757829271367,55,13,0.4206932921390091,-0.22766043897421673
1.27,4.363914511111229,-0.4688403243672502,0.5124435989334309,0.28755640106656916,0.4926739215464957,0.309289992921824,-1.0508747563872045,-0.8569342459096806,-0.19394051047752392,-2.138248654131739,-22.661244598255784,55,13,0.4227905015504274,-0.23107745973973498
1.28,4.329783103203929,-0.5038159397416254,0.4910435989334309,0.30895640106656913,0.49372911012072157,0.3084924163845912,-0.8508747563872046,-0.8655920268043475,0.014717270417142991,-0.2878495763819676,-16.95527141593759,53,19,0.42485895415895464,-0.23451340588855285
1.29,4.293271642426021,-0.5343208601227948,0.4910435989334309,0.30895640106656913,0.49196183660148163,0.3105414607260165,-0.8508747563872046,-0.8477587657732013,-0.00311599061400325,-0.1949521552571299,-16.999505368316413,53,19,0.4268984257764309,-0.23796820693365686
1.3,4.254992137175839,-0.5550610512420862,0.4880025194923814,0.31199748050761866,0.49037962224928544,0.31242878874523394,-0.8224534531998261,-0.8315459509535118,0.009092497753685702,-0.08993301924068925,-16.298261449566866,52,20,0.42890932685030164,-0.24144141924156023
1.31,4.215626127268675,-0.5657493527465844,0.4880025194923814,0.31199748050761866,0.4886518861376012,0.3144827104852203,-0.8224534531998261,-0.8138746525812193,-0.00857880061860683,-0.2203771746288294,-16.422123317191165,53,20,0.43089213050901837,-0.24493257127511459
1.32,4.175870474105849,-0.5668864214951268,0.4878849299744902,0.31211507002550987,0.4871875223305645,0.3162906447378976,-0.8213544857428987,-0.7985835401526491,-0.022770945590249614,-0.36069677471408945,-16.515313069147954,53,20,0.43284732275890675,-0.24844118550695174
1.33,4.136345248416601,-0.5597033483152524,0.4878849299744902,0.31211507002550987,0.48594489039709104,0.31788922299711847,-0.8213544857428987,-0.7853068570092177,-0.03604762873368106,-0.4973342654554009,-16.629595227057866,53,20,0.434775318708218,-0.2519668165872447
1.34,4.097590542911837,-0.5453171654678425,0.48787135222646244,0.3121286477735376,0.4849084590172197,0.3192877928097134,-0.8212275909015181,-0.7739283467640479,-0.04729924413747022,-0.6231505976815097,-16.727202123247032,53,19,0.4366764560186923,-0.2555090446685928
1.35,4.060073137323845,-0.5247265412011836,0.48787135222646244,0.3121286477735376,0.48404569068154635,0.3205117272634197,-0.8212275909015181,-0.7641773991501248,-0.05705019175139325,-0.7412932481521559,-16.815193231370618,53,19,0.438550997788505,-0.2590674647082553
1.36,4.024195914491489,-0.4987997390320623,0.4879396878970064,0.3120603121029936,0.48333084093456674,0.3215788601285838,-0.8218662420280972,-0.7558503775980514,-0.06601586443004581,-0.8582031638268939,-16.908906086088496,53,19,0.4403991388376002,-0.26264167565193325
1.37,3.9903050613999396,-0.4683227251725001,0.4879396878970064,0.3120603121029936,0.482745528815453,0.322499181456074,-0.8218662420280972,-0.7488147072868179,-0.07305153474127934,-0.9641540544990495,-16.973533828124037,53,19,0.4422210110329457,-0.2662312720329966
1.38,3.9586963947487477,-0.43396138609942336,0.4880721265537922,0.31192787344620787,0.4822590186595306,0.3232948437288301,-0.823103986484039,-0.7428232473397218,-0.08028073914431721,-1.075625173913102,-17.063336006499153,53,19,0.4440166887885816,-0.26983583744724765
1.39,3.929622001385859,-0.396336344515334,0.4880721265537922,0.31192787344620787,0.48186550658783034,0.3239631746660365,-0.823103986484039,-0.7378613641205319,-0.0852426223635071,-1.17255320333979,-17.109582628636947,53,19,0.4457861957394181,-0.27345493943693583
1.4,3.903293797139601,-0.35595918725579356,0.4882544471097536,0.31174555289024647,0.4815312366127422,0.3245298607359691,-0.8248079169135845,-0.7336512891437994,-0.09115662776978506,-1.2791549325751268,-17.196436426336764,53,19,0.4475295094637501,-0.2770881273329547
1.41,3.879889663409587,-0.3133255508281362,0.4882544471097536,0.31174555289024647,0.4812608906490574,0.32498284603858585,-0.8248079169135845,-0.7302712364975307,-0.09453668041605379,-1.3673227541673616,-17.228572826123305,53,19,0.4492465692090514,-0.280734930512054
1.42,3.8595537159708795,-0.26899732315654284,0.5096544471097535,0.2903455528902465,0.48133110527130724,0.32503908304351053,-1.0248079169135844,-0.7303365524663398,-0.29447136444724464,-3.1669550057048586,-22.855477098203046,55,13,0.4509372788900638,-0.28439486068166375
1.43,3.8420803647090533,-0.23352222248058377,0.5096544471097535,0.2903455528902465,0.4840695855335196,0.3223656549661286,-1.0248079169135844,-0.7556258437728548,-0.2691820731407296,-3.2248267517409483,-22.743272360515626,55,13,0.45260122223757443,-0.2880675455091284
1.44,3.8265709616697063,-0.21154794740990546,0.5124808431728652,0.28751915682713475,0.48648282893335104,0.31995224793845223,-1.051222833391264,-0.7781802850228915,-0.2730425483683726,-3.291260776033666,-23.330093359045804,55,13,0.45423734885612627,-0.29175286495721964
1.45,3.812101831688427,-0.20271313992841664,0.5124808431728652,0.28751915682713475,0.48889249325319756,0.3174749319458417,-1.051222833391264,-0.8010166416231581,-0.250206191768106,-3.1513808575385776,-23.157754055156214,55,13,0.4558445821362575,-0.29545067187334784
1.46,3.797776453097424,-0.20601211172168582,0.5124800163343033,0.28751998366569675,0.49093056257317086,0.3153010906744656,-1.051215105928068,-0.8206984668163798,-0.2305166391116883,-3.004150906883715,-22.992702766787083,55,13,0.4574218707120644,-0.2991607773757456
1.47,3.7828076307426772,-0.21978959789749108,0.5124800163343033,0.28751998366569675,0.4926359061614506,0.3133929019464846,-1.051215105928068,-0.8375841318456353,-0.2136309740824328,-2.8780941583461175,-22.844476911168833,55,13,0.4589682682814935,-0.3028829272176926
1.48,3.766517198555703,-0.24259782705132302,0.5124443413167505,0.28755565868324956,0.4940485270563304,0.31171307038848584,-1.0508816945490698,-0.8520348442422643,-0.1988468503068055,-2.7663587904051488,-22.705394618361318,55,13,0.46048293798116174,-0.30661681258690565
1.49,3.7483223610193432,-0.2731707443228389,0.5124443413167505,0.28755565868324956,0.49520265956967624,0.3102316536982418,-1.0508816945490698,-0.8643504947263294,-0.18653119982274036,-2.6709172026910384,-22.59346612720851,55,13,0.4619651438991368,-0.3103620859674991
1.5,3.727724366662443,-0.310260746684154,0.4910443413167505,0.30895565868324953,0.4958226988466831,0.30923000208306245,-0.8508816945490698,-0.8719284895496294,0.021046795000559615,-0.8685745581866591,-16.897390221632897,53,19,0.4634142439898819,-0.31411837543761206
1.51,3.7046201919825044,-0.3427010867772622,0.4910443413167505,0.30895565868324953,0.4936013787491426,0.3110223993241095,-0.8508816945490698,-0.8531728010515564,0.0022911065024865396,-0.8108577323915811,-16.950079427109408,53,19,0.4648299847355392,-0.31788518490690815
1.52,3.679637580967011,-0.3653189358683935,0.48803110673536904,0.311968893264631,0.4915486179771935,0.3126069921120974,-0.8227206236950376,-0.8361758217995144,0.013455198104476818,-0.7295525672398683,-16.26334519264946,52,20,0.4662128212104122,-0.3216617968180986
1.53,3.653464065419821,-0.37794358754935337,0.48803110673536904,0.311968893264631,0.4893403442034966,0.3143167060368519,-0.8227206236950376,-0.8178674680684331,-0.004853155626604488,-0.8673002548629163,-16.393202034381588,52,20,0.4675632937758574,-0.3254475260048569
1.54,3.626792816835231,-0.38116729818820827,0.4879265279509839,0.31207347204901614,0.48738643579661867,0.31575101810442685,-0.8217432518783538,-0.8020346621130461,-0.01970858976530776,-1.001497474645569,-16.49484382345233,52,19,0.4688819767406804,-0.32924174295506997
1.55,3.6002321382176388,-0.37629390656302164,0.4879265279509839,0.31207347204901614,0.48565245238182864,0.3169539249281883,-0.8217432518783538,-0.7883108759515902,-0.033432375926763624,-1.1171771283854364,-16.613324570117097,53,19,0.47016939113893585,-0.33304390509454895
1.56,3.574303478635806,-0.36449368161530926,0.4879228693567449,0.31207713064325515,0.48412772741689336,0.31794554437014255,-0.8217090594088303,-0.7765522572278073,-0.045156802181023026,-1.209711098809224,-16.717066161764432,53,19,0.47142599988867456,-0.33685355549867413
1.57,3.5494497416895667,-0.34680405614279886,0.4879228693567449,0.31207713064325515,0.48278786058649825,0.3187593239363953,-0.8217090594088303,-0.7664884890191725,-0.055220570389657775,-1.2819732237420223,-16.807997902176034,53,19,0.47265221233208704,-0.3406703169604383
1.58,3.5260459870724614,-0.324114929762145,0.48799667803490304,0.312003321965097,0.4816130389817398,0.31942343781025817,-0.8223988601392805,-0.7578953325770169,-0.06450352756226363,-1.3430873145978277,-16.905620217658587,53,19,0.47384839086375086,-0.34449388427922306
1.59,3.5044082518714714,-0.29722005234544885,0.48799667803490304,0.312003321965097,0.48059264823690906,0.3199559215415997,-0.8223988601392805,-0.7506389097911653,-0.07175995034811522,-1.3844003758569494,-16.972315030408954,53,19,0.47501485568324747,-0.348324016183592
1.6,3.4848011696567482,-0.2667792379512263,0.4881295185351814,0.31187048146481866,0.4797019903007179,0.3203877368699213,-0.8236403601418819,-0.7444591281812925,-0.07918123196058946,-1.4249038824413693,-17.063967476871866,53,19,0.4761518884002177,-0.3521605267410981
1.61,3.467446036802524,-0.23339452890442505,0.4881295185351814,0.31187048146481866,0.4789414924545622,0.32072338984849846,-0.8236403601418819,-0.7393369280657184,-0.08430343207616353,-1.4467960717812507,-17.111693629143286,53,19,0.47725973616525025,-0.35600327590718994
1.62,3.4525255484022948,-0.1975491595892107,0.4883072185967369,0.3116927814032631,0.47828261418268186,0.3209949017825355,-0.8253011083807189,-0.7349893102810581,-0.09031179809966083,-1.4763121205163892,-17.19859749432918,53,19,0.47833861280524825,-0.35985216047825724
1.63,3.4401910152086828,-0.15970006685016744,0.4883072185967369,0.3116927814032631,0.4777338320293152,0.3211957570762751,-0.8253011083807189,-0.731486331556262,-0.09381477682445694,-1.4884693604763433,-17.231836699572877,53,19,0.47938870262649635,-0.36370710400963746
1.64,3.4305635858939216,-0.12036534199246272,0.509707218596737,0.2902927814032631,0.47757554430305404,0.32104598831557785,-1.0253011083807189,-0.7314465233059635,-0.29385458507475537,-3.215142617349917,-22.859694492654135,55,13,0.4804101588156836,-0.36756804825479583
1.65,3.4234219921790094,-0.0900456610539376,0.509707218596737,0.2902927814032631,0.48013726519523997,0.31821502908293003,-1.0253011083807189,-0.7566459631416353,-0.2686551452390835,-3.205210683399104,-22.748309130610505,55,13,0.4814027985049952,-0.3714350221530829
1.66,3.4178635537649735,-0.07333848231863545,0.5124891080401983,0.28751089195980173,0.48242529262139583,0.31569414813596247,-1.0513000751420398,-0.7791174975954829,-0.27218257754655695,-3.207356127971824,-23.324185529842605,55,13,0.48236576982837565,-0.3753082075359765
1.67,3.4129666005607486,-0.06981016186585585,0.5124891080401983,0.28751089195980173,0.4847555238192942,0.3131637868103373,-1.0513000751420398,-0.801830546770827,-0.24946952837121283,-3.015527246444382,-23.152727445167386,55,13,0.4832981898562413,-0.3791877572185874
1.68,3.407842209891256,-0.0783955854774199,0.5124845833693841,0.287515416630616,0.48676397929750503,0.31098323305604614,-1.0512577884989158,-0.8214053562684996,-0.22985243223041618,-2.8265124113646944,-22.98757988160692,55,13,0.4841991943205796,-0.38307377624227873
1.69,3.4017133737406153,-0.09739370425430922,0.5124845833693841,0.287515416630616,0.4884856679498332,0.30911199162730657,-1.0512577884989158,-0.8381947491706855,-0.21306303932823034,-2.6698273188290536,-22.84017168861002,55,13,0.4850680151401457,-0.38696630030316004
1.7,3.393913847525203,-0.12531533201951525,0.5124450459193115,0.28755495408068854,0.48995649237875083,0.3075081423374446,-1.0508882796197332,-0.85256238337059,-0.1983258962491432,-2.5385280011160147,-22.700808030100543,55,13,0.48590398061517664,-0.39086529552848687
1.71,3.3838739753046108,-0.16085680270932834,0.5124450459193115,0.28755495408068854,0.4912047901182136,0.30613708059920297,-1.0508882796197332,-0.8648023809299563,-0.18608589868977687,-2.435217977765137,-22.589539968037574,55,13,0.48670650328109255,-0.39477066240551106
1.72,3.3711090284420977,-0.20273948048347756,0.4910450459193115,0.30895495408068857,0.49194933856828715,0.3052738016813784,-0.8508882796197332,-0.87231559292948,0.021427313309746787,-0.6360454903010853,-16.894043980352524,53,19,0.48747507044840943,-0.3986822402234887
1.73,3.355527419364858,-0.2397730092211663,0.4910450459193115,0.30895495408068857,0.48987625186663863,0.3072262894334825,-0.8508882796197332,-0.853504497351197,0.00261621773146381,-0.5916982764150638,-16.947235218052384,53,19,0.4882095494058329,-0.4025997541988571
1.74,3.3377628245853757,-0.26676750177357705,0.4880058395078435,0.31199416049215656,0.4879882383343986,0.30898652996184867,-0.8224844813817146,-0.8364565811801399,0.013972099798425286,-0.5307025273203534,-16.25413627766258,52,20,0.4889105184501458,-0.4065227715853473
1.75,3.318510356174647,-0.28352990569033953,0.4880058395078435,0.31199416049215656,0.4859516058433543,0.31088375258069334,-0.8224844813817146,-0.8180740806666402,-0.00441040071507437,-0.6983844469665985,-16.384526837181408,52,20,0.48957861847625356,-0.4104508408277318
1.76,3.2984731262254776,-0.2906440373967175,0.4878895525267454,0.31211044747325467,0.48417324493403446,0.31250765881347353,-0.8213976871658446,-0.8021756360773876,-0.019222051088456982,-0.8675711577499983,-16.483630222360986,52,19,0.490214501990656,-0.41438350658729906
1.77,3.278271418310408,-0.2894139103873472,0.4878895525267454,0.31211044747325467,0.4826114507224891,0.31389777029619326,-0.8213976871658446,-0.7883816842350276,-0.03301600293081697,-1.0229092907270048,-16.602662925788206,52,19,0.4908187446812343,-0.4183203291019362
1.78,3.258440199131876,-0.2810187432682777,0.48787617037476627,0.3121238296252338,0.48125180163534387,0.3150676710194439,-0.821272620324918,-0.7765613580182241,-0.044711262306693866,-1.1560510480295592,-16.70437498293845,53,19,0.49139184372112593,-0.4222608880599139
1.79,3.239436523356619,-0.2665084779681278,0.48787617037476627,0.3121238296252338,0.48006447275987696,0.31604776142904756,-0.821272620324918,-0.7664332305178941,-0.05483938980702385,-1.269160891750929,-16.79582623996839,53,19,0.491934225693118,-0.4262047856140171
1.8,3.2216496996209583,-0.2467916572342784,0.4879421292166204,0.31205787078337965,0.4790276067697762,0.31686189873680737,-0.821889058099256,-0.7577836823970506,-0.06410537570220542,-1.3679352895557642,-16.891871733030342,53,19,0.4924462570605082,-0.4301516496452112
1.81,3.2054093790002103,-0.2226821291988415,0.4879421292166204,0.31205787078337965,0.4781275896550151,0.3175270756313666,-0.821889058099256,-0.750469691699292,-0.07141936639996405,-1.4428965332691484,-16.95903795112424,53,19,0.49292825233690346,-0.4341011376721203
1.82,3.1909928499067957,-0.1948628299501696,0.48806866319435965,0.3119313368056404,0.47733982218780446,0.3180725480043626,-0.8230716186388749,-0.7442395989880465,-0.07883201965082842,-1.5101888545859496,-17.04946960019565,53,19,0.4933804811782983,-0.43805294086312635
1.83,3.178632676860101,-0.1639578265756218,0.48806866319435965,0.3119313368056404,0.4766643566244858,0.31850404581113045,-0.8230716186388749,-0.7390668729596043,-0.08400474567927063,-1.5514266850386325,-17.097613727093517,53,19,0.49380317550438474,-0.4420067876925698
1.84,3.1685214076412307,-0.13047225446048513,0.48824117381777615,0.3117588261822239,0.4760749783802057,0.318854492886455,-0.8246838674558519,-0.7346751658586481,-0.09000870159720376,-1.5907947318503348,-17.18353817777269,53,19,0.49419653339528774,-0.4459624473268705
1.85,3.160818708339991,-0.0948812862187095,0.48824117381777615,0.3117588261822239,0.47558221758184915,0.3191207580995976,-0.8246838674558519,-0.731128315337624,-0.09355555211822786,-1.6032667452088853,-17.217142568009574,53,19,0.494560725108384,-0.449919731873477
1.86,3.1556528649663913,-0.057718425048483527,0.5096411738177762,0.29035882618222386,0.47547081007735625,0.3190259270222755,-1.0246838674558518,-0.7310508553975733,-0.2936330120582785,-3.3199455800406756,-22.845329927284,55,13,0.4948958932353559,-0.4538784981055039
1.87,3.1528103068107476,-0.029496070398962498,0.5096411738177762,0.29035882618222386,0.4780746881132898,0.3162440237869255,-1.0246838674558518,-0.7562180575998331,-0.26846580985601876,-3.289673773369219,-22.734233516282377,55,13,0.495201841564485,-0.4578386714143989
1.88,3.151398619222197,-0.014817766183130401,0.5124694245219426,0.2875305754780575,0.48040586678536185,0.31377082769012526,-1.0511161170275,-0.7786684069870867,-0.27244771004041335,-3.265303066529612,-23.32249179804784,55,13,0.49547769661370294,-0.4618002598763249
1.89,3.150505266478211,-0.013271281914018596,0.5124694245219426,0.2875305754780575,0.48279073764424174,0.3112872841930451,-1.0511161170275,-0.8014180067812929,-0.24969811024620714,-3.034157587925182,-23.15095619159724,55,13,0.4957225621105987,-0.4657632909787445
1.9,3.149248804072865,-0.023793397513127028,0.5124636710648114,0.2875363289351887,0.48486432891047465,0.3091649618641477,-1.0510623464001059,-0.8210250796557333,-0.23003726674437253,-2.7974701978891803,-22.985298252981746,55,13,0.49593556869937855,-0.4697278044181109
1.91,3.1468595919849776,-0.04466398899097799,0.5124636710648114,0.2875363289351887,0.48666704615925555,0.3073690519586925,-1.0510623464001059,-0.8378410943951542,-0.21322125200495168,-2.5870567422309776,-22.83768486244636,55,13,0.4961159533561119,-0.47369384433037304
1.92,3.142680366443317,-0.07420051553673288,0.49106367106481136,0.3089363289351887,0.4879254080201888,0.306177405809259,-0.8510623464001059,-0.8492897299576159,-0.0017726164424900492,-0.6835611774957866,-17.108473671100228,53,19,0.4962630590334738,-0.4776614566856401
1.93,3.1364719245533337,-0.10083556400939178,0.49106367106481136,0.3089363289351887,0.48633831944136197,0.30789407600006047,-0.8510623464001059,-0.8338516048658952,-0.01721074153421076,-0.5399090782229862,-17.131739928003068,53,19,0.49637663950356936,-0.4816306777017596
1.94,3.128741741677607,-0.11904367934636365,0.48825286785988087,0.3117471321401192,0.4849232962869602,0.30950295456372656,-0.8247931575689799,-0.8197212230057647,-0.005071934563215197,-0.4047786672424179,-16.472373037903267,52,19,0.49645718763674834,-0.4856015326463026
1.95,3.120077132505687,-0.12844180860150856,0.48825286785988087,0.3117471321401192,0.48338102668190863,0.3113031280199704,-0.8247931575689799,-0.8041023301959733,-0.020690827373006537,-0.4884355221950594,-16.57888137893272,53,19,0.4965052686258563,-0.4895740607099983
1.96,3.111086225797124,-0.12939631529958145,0.4881995120702577,0.31180048792974235,0.4820941940236223,0.31291002759894626,-0.8242945053295107,-0.7905802169377386,-0.03371428839177204,-0.5867745645343231,-16.673360309971326,53,19,0.49652146065586944,-0.4935483093409643
1.97,3.102311927289002,-0.12298782314824382,0.4881995120702577,0.31180048792974235,0.4810330570701118,0.31434988041095235,-0.8242945053295107,-0.7788933488745768,-0.04540115645493381,-0.6784781189063053,-16.773686682854926,53,19,0.496506268906387,-0.4975243259320087
1.98,3.094227527843951,-0.11018599665295073,0.48823780467635974,0.3117621953236403,0.48017810537880834,0.3156371423226748,-0.8246523801528944,-0.7688830049352031,-0.05576937521769132,-0.765200469489038,-16.872651219884833,53,19,0.49646012160573383,-0.5015021474216592
1.99,3.0872434167620875,-0.09186601815639409,0.48823780467635974,0.3117621953236403,0.47950621346964384,0.3167884860995138,-0.8246523801528944,-0.7603632120099535,-0.06428916814294094,-0.842537874400862,-16.949755758623954,53,19,0.4963833776053,-0.5054817906018241
2.0,3.0817147758327206,-0.0687754582830546,0.48834836304075524,0.3116516369592448,0.47898804714531523,0.31782558632546826,-0.8256856358949085,-0.7530956113076962,-0.07259002458721231,-0.9241413002490967,-17.045027576987874,53,19,0.49627633530229825,-0.5094632436614948
2.01,3.0779487769954956,-0.04159908543076368,0.48834836304075524,0.3116516369592448,0.4786123706992605,0.3187510455123746,-0.8256856358949085,-0.7470155382564763,-0.07867009763843225,-0.9942031244900484,-17.101202086764403,53,19,0.4961392413694003,-0.5134464591674455
2.02,3.076208344137841,-0.011071359384150183,0.5097483630407552,0.29025163695924483,0.47865784865719174,0.31927685934630623,-1.0256856358949085,-0.7447709780882499,-0.2809146578066586,-2.7790860580178345,-22.74898025447247,55,13,0.49597229627837736,-0.5174313485204084
2.03,3.076399386004798,0.01209720266266499,0.5097483630407552,0.29025163695924483,0.48144403746129766,0.3170737160178702,-1.0256856358949085,-0.7680856142216235,-0.257600021673285,-2.826074617315251,-22.654750145993432,55,13,0.49577534385146776,-0.5214177619503728
2.04,3.077731479236127,0.023123029924887305,0.5124814249865468,0.28751857501345324,0.48396789400511875,0.3151347922031966,-1.0512282709023064,-0.788939728046365,-0.2622885428559414,-2.8790426817769026,-23.232562511144643,55,13,0.4955475349428971,-0.5254054580722839
2.05,3.0793809122084497,0.022297123321819448,0.5124814249865468,0.28751857501345324,0.48653273668998653,0.31314709900790694,-1.0512282709023064,-0.8102132601966339,-0.24101501070567255,-2.7389266260419545,-23.074005857277047,55,13,0.4952879923874246,-0.5293941254770452
2.06,3.0805447757738538,0.010546494756834958,0.5124739158525343,0.2875260841474658,0.4887755635786811,0.3114644621975823,-1.0511580920797594,-0.8285565485098076,-0.22260154356995177,-2.5979485325812863,-22.919238575737236,55,13,0.49499586716328176,-0.5333833869385158
2.07,3.080520400854825,-0.010563038685860199,0.5124739158525343,0.2875260841474658,0.4907264348707418,0.3100484187161839,-1.0511580920797594,-0.8442897951147568,-0.20686829696500264,-2.4847976949720314,-22.781442863563857,55,13,0.4946704194777784,-0.5373728094524973
2.08,3.078705722681227,-0.039663804372573726,0.5124343306790793,0.2875656693209208,0.4924182406937268,0.30885869844925856,-1.0507881371876562,-0.8577548703012535,-0.19303326688640265,-2.3916980097494234,-22.650311098005222,55,13,0.4943110205364991,-0.5413619119076453
2.09,3.074586494791669,-0.07556121381794087,0.5124343306790793,0.2875656693209208,0.4938769988447466,0.307863137645565,-1.0507881371876562,-0.8692236504634655,-0.18156448672419068,-2.320786592249176,-22.54610003114764,55,14,0.4939171408178039,-0.545350172842064
2.1,3.0677259096930145,-0.11707350227246717,0.49103433067907926,0.3089656693209208,0.49482019327985594,0.30733950567515833,-0.8507881371876562,-0.8760779794612036,0.025289842273547358,-0.5479681741828377,-16.85663853224818,53,19,0.49348834034478173,-0.5493370389844109
2.11,3.0580760525319572,-0.15309591977774548,0.49103433067907926,0.3089656693209208,0.4929335241336439,0.3095988685226887,-0.8507881371876562,-0.8567039981820334,0.005915860994377131,-0.5239067802443949,-16.91498732815989,53,19,0.49302457814840106,-0.5533219718912546
2.12,3.046314098525143,-0.17851374288468216,0.4879955627838707,0.31200443721612936,0.4912200319571163,0.3116365224288651,-0.8223884372324359,-0.8391752781693983,0.016786840936962366,-0.47736486821521457,-16.226410117941267,52,20,0.49252654435606497,-0.5573045100832776
2.13,3.03317562871346,-0.1931996087878527,0.4879955627838707,0.31200443721612936,0.4893469795180603,0.31378511250008057,-0.8223884372324359,-0.820382556158784,-0.0020058810736519606,-0.6540208459996631,-16.360563085576462,52,20,0.4919949956421846,-0.5612842134629127
2.14,3.019401286794718,-0.19779416048453324,0.48790485214327295,0.3120951478567271,0.4877228948814019,0.3156375328626016,-0.8215406742361956,-0.8041372056953284,-0.017403468540867162,-0.8294185808742869,-16.469572462584935,53,20,0.4914307009519157,-0.5652606653319509
2.15,3.005645190704804,-0.19366195716730875,0.48790485214327295,0.3120951478567271,0.48631043905783394,0.3172339474842208,-0.8215406742361956,-0.7900770634280987,-0.0314636108080969,-0.9849028932703755,-16.591188315100048,53,20,0.49083434940678594,-0.5692334659023767
2.16,2.992472246427023,-0.1820285438556327,0.48792253256338375,0.3120774674366163,0.4850936861482764,0.3185943481731729,-0.8217059118073246,-0.7780342896032876,-0.043671622204036975,-1.117422540669604,-16.70316747685233,53,19,0.4902065463420042,-0.573202235384878
2.17,2.98036624576722,-0.16399067152141614,0.48792253256338375,0.3120774674366163,0.4840478112237188,0.3197486608120686,-0.8217059118073246,-0.7677530393067767,-0.05395287250054781,-1.2255229856185417,-16.796221065826412,53,19,0.48954781989054974,-0.5771666178580839
2.18,2.969740005517138,-0.14048987563685397,0.4880239772296346,0.31197602277036546,0.4831484967374208,0.32072709695180157,-0.822653992800323,-0.7589785036711175,-0.06367548912920551,-1.321147744433843,-16.902826786484027,53,19,0.4888586294995904,-0.581126284735523
2.19,2.960944268016604,-0.1123759851124565,0.4880239772296346,0.31197602277036546,0.48238710575789245,0.3215447117280301,-0.822653992800323,-0.7515999721021605,-0.07105402069816258,-1.3906645736556422,-16.970817889542282,53,19,0.48813937322191864,-0.5850809371515967
2.2,2.9542748478970804,-0.08035508860733744,0.4881895798651477,0.31181042013485233,0.4817352707172203,0.32223652964090105,-0.8242016809826888,-0.7453212199828,-0.07888046099988877,-1.4570905528495952,-17.07206673486444,53,19,0.48739039336950807,-0.5890303070026284
2.21,2.949981077957852,-0.04508002088366512,0.4881895798651477,0.31181042013485233,0.4811974925187963,0.32280465419207727,-0.8242016809826888,-0.7401534501248553,-0.08404823085783342,-1.4972856076492391,-17.120424814226013,53,19,0.4866119836237822,-0.5929741570820044
2.22,2.9482701757902134,-0.0070731853829598635,0.48840402184183945,0.3115959781581606,0.48074226893804184,0.3232868534828237,-0.8262058116059762,-0.7357729694169072,-0.090432842189069,-1.5426273513812896,-17.21738124327158,53,19,0.4858043923945221,-0.5969122793036676
2.23,2.949315101125945,0.033164799324514896,0.48840402184183945,0.3115959781581606,0.4803837581078778,0.32367462680699677,-0.8262058116059762,-0.7322856602844908,-0.09392015132148535,-1.5626606393666869,-17.250719830902742,53,19,0.4849678299345605,-0.6008444924517946
2.24,2.953255480053657,0.07508538340737793,0.5098040218418395,0.29019597815816056,0.48039923028278847,0.3236955092559131,-1.0262058116059762,-0.7322603786302588,-0.2939454329757174,-3.2921879311028626,-22.878546828868416,55,13,0.48410246904411475,-0.6047706374984041
2.25,2.959884496532785,0.10817145039052528,0.5098040218418395,0.29019597815816056,0.4831205455238068,0.32102138590870577,-1.0262058116059762,-0.7574727084817805,-0.26873310312419574,-3.2810244364192727,-22.767086426897592,55,13,0.4832081401587346,-0.6086905015867221
2.26,2.9683073052888216,0.1278124367050848,0.5125353023362944,0.28746469766370564,0.4855557284573673,0.3186467523332065,-1.0517317975354619,-0.7799484865614993,-0.2717833109739626,-3.2744995921447564,-23.329634731589906,55,13,0.4822840015417067,-0.6126037245179461
2.27,2.977608692281373,0.13445550477711532,0.5125353023362944,0.28746469766370564,0.48801758058915734,0.31625998716295467,-1.0517317975354619,-0.8026055767579567,-0.24912622077750513,-3.075599301607293,-23.158414863205564,55,13,0.4813291938860568,-0.6165099300473327
2.28,2.986906348519488,0.12916784828571076,0.5125425854286836,0.28745741457131646,0.4901517080079448,0.3142152632982285,-1.0517998638194725,-0.8221329192042817,-0.22966694461519088,-2.879448602971636,-22.99669147639606,55,13,0.4803428939864824,-0.6204087309072001
2.29,2.9954291611398545,0.1136343806595283,0.5125425854286836,0.28745741457131646,0.49199631238919567,0.31247275217699505,-1.0517998638194725,-0.8388951411785076,-0.21290472264096494,-2.7141645691551366,-22.849549488895086,55,13,0.4793243924510756,-0.6242997423035026
2.3,3.0025159617062314,0.08933352317602616,0.5125172792994985,0.2874827207005015,0.49358728502802446,0.3109935816268738,-1.0515633579392383,-0.8532416046782741,-0.19832175326096413,-2.5759130770226983,-22.714129165060758,55,13,0.47827309406734947,-0.6281825780818996
2.31,3.0076016834734216,0.05755678295640824,0.5125172792994985,0.2874827207005015,0.4949554699528666,0.3097426793630203,-1.0515633579392383,-0.8654803298590948,-0.18608302808014343,-2.466261210586432,-22.602955215957575,55,14,0.4771885061484049,-0.6320568441513262
2.32,3.010204445559053,0.019407226613008966,0.5124653535426507,0.28753464645734933,0.4961326344375754,0.30868295987592176,-1.0510780704920626,-0.8759330586993159,-0.17514501179274666,-2.3766325139307094,-22.493912325616417,55,14,0.4760702279334975,-0.635922132481368
2.33,3.009913655813189,-0.024155306354627638,0.5124653535426507,0.28753464645734933,0.4971374453561076,0.3077895504181599,-1.0510780704920626,-0.8848032473735874,-0.1662748231184752,-2.312585046720412,-22.41249265744333,55,14,0.4749179410293552,-0.6397780159299497
2.34,3.00638161293382,-0.07215563500689962,0.49106535354265074,0.3089346464573493,0.49768206597265274,0.3073434339591664,-0.8510780704920626,-0.8894328598761042,0.03835478938404158,-0.5506064469523131,-16.742990920834377,53,19,0.47373140315437856,-0.6436240448353568
2.35,2.9996375114168914,-0.11367026876580154,0.49106535354265074,0.3089346464573493,0.49544466566006146,0.3096592076656883,-0.8510780704920626,-0.8681563457680991,0.017078275276036448,-0.5423606982400075,-16.818596990978932,53,19,0.4725107487477262,-0.6474598429216231
2.36,2.9904259532575685,-0.14374100640489415,0.4880493445309391,0.3119506554690609,0.49342089068204126,0.31173389874431884,-0.8228910703826083,-0.849004635223002,0.02611356484039362,-0.5191860124718334,-16.150804584386737,52,20,0.4712568086764772,-0.6512852239714223
2.37,2.9795388266814524,-0.16238710566525816,0.4880493445309391,0.3119506554690609,0.49127271700255626,0.31389840594847174,-0.8228910703826083,-0.8288519208134789,0.005960850430870579,-0.7234208525825387,-16.297518716192513,52,20,0.4699704705747846,-0.6551000027491728
2.38,2.967762845497804,-0.17037275839523236,0.4879400236142813,0.31205997638571875,0.4893974846704561,0.31574875616061726,-0.821869379572722,-0.8114426565880322,-0.010426722984689829,-0.9306557627200298,-16.41234364826461,52,20,0.4686526292909279,-0.6589039812453519
2.39,2.9557899398781524,-0.169157346384448,0.4879400236142813,0.31205997638571875,0.48774835151080703,0.3173259273807609,-0.821869379572722,-0.796366467897412,-0.025502911675310047,-1.1250204281588236,-16.543186177845264,53,20,0.4673041025136527,-0.6626969215986078
2.4,2.9442159225219657,-0.16005599238424198,0.48794408369200937,0.3120559163079907,0.48630471457645286,0.3186456792405088,-0.8219073242243865,-0.7834534361492713,-0.038453888075115183,-1.3002037561802702,-16.659524615479288,53,19,0.46592562994166126,-0.6664785471386648
2.41,2.9335488886682763,-0.14424611860050962,0.48794408369200937,0.3120559163079907,0.4850336304652392,0.31973735040854123,-0.8219073242243865,-0.7724125236294294,-0.049494800594957145,-1.4555797083925377,-16.759450311243096,53,19,0.46451788099343777,-0.6702485479593792
2.42,2.9242200059038526,-0.1227471535290433,0.48803509165770165,0.3119649083422984,0.48390655154762596,0.32062729756712416,-0.8227578659598286,-0.7629871681331862,-0.05977069782664235,-1.5998646420541505,-16.869239070998745,53,19,0.46308146403821737,-0.6740065886233294
2.43,2.9165925030252926,-0.09648058018164872,0.48803509165770165,0.3119649083422984,0.48290847268272175,0.3213298746673291,-0.8227578659598286,-0.7550401776420216,-0.067717688317807,-1.7193423162652595,-16.942366574109986,53,19,0.4616169332418852,-0.6777523162927492
2.44,2.9109692184259144,-0.06622219153073705,0.48819176105070106,0.311808238949299,0.48200806069128754,0.32187737529185834,-0.8242220658944021,-0.7482742308384545,-0.0759478350559476,-1.8338301044922416,-17.04570104602985,53,19,0.4601247934483199,-0.681485369056082
2.45,2.907601101776619,-0.03268892520849132,0.48819176105070106,0.311808238949299,0.4812055667755162,0.32227213502802254,-0.8242220658944021,-0.7426795876051102,-0.08154247828929184,-1.9197212001222015,-17.097909064027647,53,19,0.4586055054240301,-0.6852053849817565
2.46,2.90669194784017,0.003534887209096127,0.48839720883137394,0.3116027911686261,0.4804684787280629,0.322550836204849,-0.8261421386109711,-0.737932908986981,-0.08820922962399003,-2.0052679154909328,-17.195830761090285,53,19,0.45705948719018985,-0.688912009839394
2.47,2.908406408135508,0.041893153565676806,0.48839720883137394,0.3116027911686261,0.47980902296467187,0.322706906291639,-0.8261421386109711,-0.7341220405281912,-0.09202009808277989,-2.059695169831044,-17.23207392737399,53,19,0.45548711811623926,-0.6926049057912549
2.48,2.912871404123092,0.08178475676935486,0.5097972088313739,0.29020279116862613,0.4795060118593466,0.32246851789780817,-1.026142138610971,-0.7338200652408337,-0.2923220733701374,-3.8156595480180497,-22.86241142506279,55,13,0.4538887367862251,-0.6962837570070686
2.49,2.9198642140818265,0.11264335078759961,0.5097972088313739,0.29020279116862613,0.4818927777883638,0.3195104543480515,-1.026142138610971,-0.7587959039266933,-0.26734623468427776,-3.8215969905649683,-22.753107963803693,55,13,0.45226435267108467,-0.6999481469709224
2.5,2.9284736688688695,0.1298158669500583,0.5125274997437061,0.2874725002562939,0.483979954043904,0.31683108781563146,-1.051658876109403,-0.7810694683564137,-0.27058940775298934,-3.8217615632973017,-23.31724509661703,55,13,0.4506133377641984,-0.7035974141204744
2.51,2.937767651922837,0.13371483022123065,0.5125274997437061,0.2874725002562939,0.4860839216330054,0.3141236596411102,-1.051658876109403,-0.803552626130351,-0.24810624997905195,-3.6186271418856557,-23.147612150910085,55,13,0.4489350383293845,-0.7072309149775037
2.52,2.9468469867265634,0.12538057910330758,0.5125304041489213,0.28746959585107873,0.48785498713870623,0.3117478074827388,-1.0516860200833764,-0.8229307460559225,-0.22875527402745388,-3.406579367791659,-22.986102141256247,55,13,0.4472288217796392,-0.7108480473314603
2.53,2.9549238975911334,0.1064814798404405,0.5125304041489213,0.28746959585107873,0.4893362745003965,0.3096703670814036,-1.0516860200833764,-0.8395603150420229,-0.21212570504135353,-3.214484760018082,-22.840150381481877,55,13,0.44549414533165294,-0.7144482847359175
2.54,2.9613211024975103,0.07848716938200001,0.5124991591442849,0.28750084085571515,0.49057019472449515,0.3078585956922635,-1.0513940106942514,-0.8537925188422042,-0.19760149185204723,-3.0381490894283396,-22.70420499098938,55,13,0.4437305526592412,-0.7180311775461593
2.55,2.965458194162081,0.042691002797491155,0.5124991591442849,0.28750084085571515,0.49159330526106904,0.30628501652481666,-1.0513940106942514,-0.8659265828796837,-0.1854674278145677,-2.880840765915597,-22.59395272564448,55,13,0.44193765979621946,-0.7215963470269097
2.56,2.9668390359545964,0.00020548360730155834,0.5124392674052057,0.2875607325947943,0.49244461028417946,0.3049188436353298,-1.0508342748150068,-0.8762886292002322,-0.1745456456147746,-2.7340528360578977,-22.483630593249963,55,13,0.44011514285541714,-0.7251434782640098
2.57,2.9650399921947987,-0.04798915658033246,0.5124392674052057,0.2875607325947943,0.4931483411346492,0.303742957903968,-1.0508342748150068,-0.8850718842555196,-0.16576239055948716,-2.605996362649897,-22.4029566752724,55,13,0.43826272741301,-0.7286723119657782
2.58,2.9597017805716557,-0.10089098097533931,0.49103926740520576,0.3089607325947943,0.4934239180591652,0.3030437416973415,-0.8508342748150068,-0.8896269923449704,0.038792717529963605,-0.7742800531007233,-16.73411635312281,53,19,0.43638018199597056,-0.732182636675827
2.59,2.9508397874519443,-0.14754419287411993,0.49103926740520576,0.3089607325947943,0.49095511653136725,0.3051417561862717,-0.8508342748150068,-0.8682867305845584,0.017452455769551567,-0.6923623509985721,-16.810297701778133,53,19,0.43446759140463515,-0.7356744335231413
2.6,2.939178140162515,-0.1829500966578507,0.4878825320764626,0.31211746792353745,0.4887403942729729,0.3070413107091191,-0.8213320754809584,-0.8490611381488494,0.02772906266789099,-0.5823038807057817,-16.106175477086456,52,20,0.4325256454255241,-0.7391480428018856
2.61,2.9254907735143654,-0.20701512299544136,0.4878825320764626,0.31211746792353745,0.48643034601921603,0.3090929606946717,-0.8213320754809584,-0.8286793706754411,0.007347295194482628,-0.7112373284195954,-16.254202415848756,52,20,0.430555057779188,-0.742603851559504
2.62,2.9105525732727835,-0.22042424863296123,0.48773406900622235,0.3122659309937777,0.4844446033140588,0.3108766183366386,-0.8199445701516105,-0.8110653503617765,-0.00887921978983397,-0.8436526484028937,-16.3602806169329,52,20,0.4285565267250791,-0.746042262793518
2.63,2.895047678488956,-0.2245772733308375,0.48773406900622235,0.3122659309937777,0.4827337471624527,0.3124397075357254,-0.8199445701516105,-0.7957665403118097,-0.024178029839800774,-0.9703850582382326,-16.492805823356605,52,19,0.426530660118558,-0.7494636412923232
2.64,2.8795689705794643,-0.22073717366743337,0.48769843854053546,0.3123015614594646,0.48128250863108935,0.31379408525261165,-0.8196115751451911,-0.782656184011578,-0.036955391133613125,-1.0809858026119306,-16.60036584231502,52,19,0.4244779805064539,-0.7528683040617672
2.65,2.8646263853241365,-0.21002022067923887,0.48769843854053546,0.3123015614594646,0.4800527053340944,0.31497327656559737,-0.8196115751451911,-0.77139919985279,-0.04821237529240108,-1.1824205143785174,-16.701987201444734,53,19,0.4223989376630321,-0.7562565163114515
2.66,2.8506585258386,-0.19339464493735564,0.4877506486856545,0.31224935131434556,0.47901870145511116,0.31599722918549844,-0.8200995204266772,-0.7617825806991247,-0.058316939727552475,-1.278823924826008,-16.80320748107592,53,19,0.4202939234947233,-0.7596284906115166
2.67,2.838041120727581,-0.1717249424329703,0.4877506486856545,0.31224935131434556,0.4781579558402356,0.31688201471722416,-0.8200995204266772,-0.7536258930981844,-0.06647362732849282,-1.3633358219053968,-16.877990152447644,53,19,0.4181632836341139,-0.7629843859947322
2.68,2.8270950035904168,-0.14574225862608386,0.487870935559217,0.31212906444078303,0.4774397390064824,0.31765138637178836,-0.8212236968151121,-0.7466745450219346,-0.07454915179317745,-1.4507814473327105,-16.973345052412526,53,19,0.4160073279103923,-0.7663243084012257
2.69,2.8180936861554,-0.11611639304887257,0.487870935559217,0.31212906444078303,0.4768550571693486,0.318307144650091,-0.8212236968151121,-0.7408780958843815,-0.08034560093073062,-1.5233061862164012,-17.027152562477156,53,19,0.41382633965665416,-0.769648312503676
2.7,2.8112681593309587,-0.08339837273523155,0.48804387148143036,0.3119561285185697,0.47637005211362415,0.31887603126184016,-0.8228399203871992,-0.7359533684662806,-0.08688655192091865,-1.6039000521344347,-17.118052077438946,53,19,0.4116205817973687,-0.7729564035740056
2.71,2.8068136935961343,-0.048111351327127176,0.48804387148143036,0.3119561285185697,0.4759868267353222,0.3193491904078649,-0.8228399203871992,-0.7319515716236321,-0.0908883487635671,-1.6661890011141975,-17.155819578997367,53,19,0.4093903036800333,-0.776248541885987
2.72,2.804892208114554,-0.01067066319585407,0.48825731066262107,0.311742689337379,0.47566965977088427,0.3197562231451814,-0.8248346790899164,-0.7285674608677707,-0.09626721822214568,-1.7395037842512804,-17.24342002128428,53,19,0.40713574326432544,-0.7795246459869203
2.73,2.8056385539093434,0.02851118788097478,0.48825731066262107,0.311742689337379,0.4754297621803869,0.32008067228327275,-0.8248346790899164,-0.7259303266220288,-0.09890435246788754,-1.7910057135654918,-17.268977059294365,53,19,0.4048571316338798,-0.7827845992923698
2.74,2.8091599431986944,0.06895493926144773,0.5096573106626211,0.29034268933737895,0.4755423091051715,0.3200431948609932,-1.0248346790899163,-0.7266313749727956,-0.2982033041171207,-3.552748222558077,-22.890150977609526,55,13,0.4025546909813653,-0.7860282537435159
2.75,2.8152248096494934,0.10019696210084733,0.5096573106626211,0.29034268933737895,0.47833775109187215,0.3173104108722493,-1.0248346790899163,-0.7524642066337518,-0.2723704724561645,-3.571901502803879,-22.77300473284901,55,13,0.4002283802113184,-0.7892552520892308
2.76,2.8229237662835795,0.11766686191349998,0.5124924487289617,0.28750755127103833,0.4808252412114489,0.3148715856462406,-1.0513312965323522,-0.7754843718000386,-0.27584692473231365,-3.5996327364657263,-23.357872512175685,55,13,0.39787762343784233,-0.7924648257978237
2.77,2.8313279754299456,0.12179343821417472,0.5124924487289617,0.28750755127103833,0.4833296595489354,0.3124016603368334,-1.0513312965323522,-0.7987289682808505,-0.25260232825150175,-3.4198905853807284,-23.181847060640237,55,13,0.3955018467684586,-0.7956561771584881
2.78,2.8395398416857778,0.11364730028408848,0.5124953258574946,0.28750467414250547,0.4854837851538823,0.31026907840842327,-1.0513581855840615,-0.8187603118946682,-0.23259787368939322,-3.2328797403479355,-23.014589406187007,55,13,0.3931005156138709,-0.798828514681469
2.79,2.846773750361719,0.09494525605101373,0.5124953258574946,0.28750467414250547,0.487328558722512,0.3084354649466635,-1.0513581855840615,-0.8359490363357404,-0.2154091492483211,-3.0670177983597346,-22.863616123910873,55,13,0.3906731943655557,-0.8019811082299835
2.8,2.852355279368829,0.06719385565858642,0.5124632165056326,0.2875367834943674,0.4889048411183732,0.3068637559048213,-1.0510580981834823,-0.8506592766988404,-0.20039882148464183,-2.9164533057440702,-22.723105297785867,55,13,0.38821953980264506,-0.8051132960494177
2.81,2.855707385884957,0.03171393720429594,0.5124632165056326,0.2875367834943674,0.49024822066927676,0.30552322860103276,-1.0510580981834823,-0.8632008975151587,-0.18785720066832357,-2.7831157678974456,-22.60913074425332,55,13,0.3857392843458855,-0.8082244830638013
2.82,2.8563388471558016,-0.010194337080700307,0.4910632165056326,0.30893678349436743,0.49108316375496835,0.3046951450821767,-0.8510580981834823,-0.8709720498728583,0.01991395168937593,-0.9445778380413316,-16.911294900738664,53,19,0.38323222166216814,-0.8113141393219976
2.83,2.854152330894031,-0.04731370251875829,0.4910632165056326,0.30893678349436743,0.4891025742711054,0.3066929505479443,-0.8510580981834823,-0.8523814192671076,0.0013233210836253173,-0.8529247078441795,-16.96247557309437,53,19,0.3806984391052813,-0.8143820010580027
2.84,2.849776373130913,-0.07442450248563481,0.4881251763719191,0.31187482362808094,0.4873172317881179,0.30851256615511,-0.8235997791768137,-0.83553582071499,0.01193604153817629,-0.7464805338872731,-16.294127563226496,52,20,0.3781385614677061,-0.8174282951526287
2.85,2.843901649052349,-0.09134779091488822,0.4881251763719191,0.31187482362808094,0.4854106107032106,0.31047728406169134,-0.8235997791768137,-0.8174454515958844,-0.006154327580929264,-0.8562199230957916,-16.42240658837049,52,20,0.37555322882705094,-0.8204533267267293
2.86,2.837226361031174,-0.09865027190187448,0.48803362418953233,0.3119663758104677,0.48378105930335624,0.3121952965923992,-0.8227441513040403,-0.8018026294904537,-0.02094152181358666,-0.9663650016906106,-16.525909208510754,52,19,0.3729430532066702,-0.8234574433183874
2.87,2.8303688316339928,-0.0975976123953981,0.48803362418953233,0.3119663758104677,0.48239413893850713,0.31370707036475654,-0.8227441513040403,-0.7882573297838816,-0.034486821520158695,-1.0610581773125465,-16.642901104926352,53,19,0.3703085532169224,-0.8264409744219168
2.88,2.8238653927152786,-0.08932258927537907,0.4880448058893096,0.31195519411069045,0.4812358193223127,0.3150318802256333,-0.8228486531711177,-0.7766539210125207,-0.04619473215859693,-1.1380709023448086,-16.749184153338412,53,19,0.36765015550064073,-0.829404224428068
2.89,2.8181784295085697,-0.07483278553751346,0.4880448058893096,0.31195519411069045,0.4802812585059226,0.31619878474343066,-0.8228486531711177,-0.76674053160043,-0.056108121570687675,-1.1982194558300439,-16.83884636138606,53,19,0.3649682047361179,-0.8323474715832029
2.9,2.8137063635615656,-0.0549890622207012,0.48813620110277756,0.3118637988972225,0.47950643866181564,0.3172347814502441,-0.8237028140446498,-0.7582787720166898,-0.06542404202796004,-1.253192857622371,-16.939934381990945,53,19,0.3622629757780166,-0.8352709679123992
2.91,2.8107921320057057,-0.030564908129612874,0.48813620110277756,0.3118637988972225,0.4789000473430534,0.31815276019256217,-0.8237028140446498,-0.7511555474322019,-0.07254726661244792,-1.2916679943836975,-17.005525672707833,53,19,0.35953468528302257,-0.8381749379770639
2.92,2.809730011594052,-0.002200214316403408,0.4882900900756276,0.3117099099243724,0.4784323839009578,0.31898248132486534,-0.8251410287441833,-0.745093002692021,-0.08004802605216232,-1.335483053996878,-17.101687511675937,53,19,0.35678350262670866,-0.8410595765064461
2.93,2.8107733450279793,0.02951314697985435,0.4882900900756276,0.3117099099243724,0.47810320950581375,0.3197226648725885,-0.8251410287441833,-0.7400960029589965,-0.0850450257851868,-1.3634497883207022,-17.148404284156644,53,19,0.35400956185194504,-0.8439250468217225
2.94,2.8141372637049047,0.0639353490500973,0.5096900900756276,0.2903099099243724,0.47819070745677883,0.3200920265318693,-1.0251410287441833,-0.7387788828266802,-0.2863621459175031,-3.1061178075354716,-22.787879086050964,55,13,0.35121297021619763,-0.8467714761599989
2.95,2.819686662052774,0.09045379472951884,0.5096900900756276,0.2903099099243724,0.4810192873657425,0.31776152736115193,-1.0251410287441833,-0.762886728993414,-0.2622542997507693,-3.112419310643228,-22.686461367399037,55,13,0.34839359429192523,-0.8495987288966358
2.96,2.8265965401867326,0.10437337556861373,0.5124831443011129,0.2875168556988872,0.4835907350193952,0.31572333366856475,-1.0512443392627366,-0.7844271091160299,-0.2668172301467068,-3.1322105463375003,-23.273792785142287,55,13,0.3455508339918221,-0.8524061533704224
2.97,2.8340138281954594,0.10603690144902557,0.5124831443011129,0.2875168556988872,0.4862178794267885,0.31365731182559287,-1.0512443392627366,-0.8063577925289515,-0.24488654673378518,-2.9578724902830835,-23.109561816252793,55,13,0.3426841049723052,-0.8551930374283111
2.98,2.8411097566115506,0.09643174983224943,0.5124822696946553,0.2875177303053448,0.48853127148969844,0.3119245578752867,-1.05123616537061,-0.8252650168897744,-0.22597114848083555,-2.7874756282293838,-22.9515168885346,55,13,0.33979288133065416,-0.8579586423641357
2.99,2.8471604245320425,0.07719110602107618,0.5124822696946553,0.2875177303053448,0.4905626869007734,0.3104841419131993,-1.05123616537061,-0.8414885279793186,-0.20974763739129132,-2.6502277356072956,-22.809326136983778,55,13,0.33687675536752204,-0.8607022599647791
3.0,2.851546626620748,0.049743959852313585,0.5124489291453945,0.28755107085460546,0.49234424644205843,0.30929426520305503,-1.0509245714522855,-0.8553737441074925,-0.195550827344793,-2.5400593055735765,-22.676026798184843,55,14,0.33393543915806195,-0.8634232137213884
3.01,2.853740529590334,0.015337341435987441,0.5124489291453945,0.28755107085460546,0.4939018492825287,0.30831912444215653,-1.0509245714522855,-0.8672089945811784,-0.18371557687110707,-2.4586960324175715,-22.56850884513846,55,14,0.33096875608567144,-0.8661208515314885
3.02,2.8532946302616224,-0.02480075527620009,0.49104892914539455,0.3089510708546055,0.49495049553871306,0.30783389617435697,-0.8509245714522855,-0.8743766325437202,0.023452061091434717,-0.6827748043551808,-16.876197433604084,53,19,0.32797663305525676,-0.8687945408835979
3.03,2.8501531878317823,-0.05952541450417421,0.49104892914539455,0.3089510708546055,0.49317359739934097,0.3101457309570318,-0.8509245714522855,-0.8552704039360245,0.004345832483738987,-0.6630685167899203,-16.9321011363709,53,19,0.324959304103923,-0.8714439075035488
3.04,2.844988613786735,-0.08369026194524827,0.48809149035027244,0.3119085096497276,0.49157255022461604,0.3122444748346192,-0.8232849565446021,-0.8379816607009197,0.01469670415631763,-0.6346493247235783,-16.262713121249497,52,20,0.321917519927425,-0.8740691017567812
3.05,2.838532875958869,-0.09718235134500579,0.48809149035027244,0.3119085096497276,0.4898202495662727,0.3144494215998983,-0.8232849565446021,-0.819489850310161,-0.0037951062344411257,-0.8295983659194802,-16.394563193182414,53,20,0.3188520943363002,-0.8766703092323742
3.06,2.8315223924462423,-0.1006420484687903,0.48802090037104906,0.311979099628951,0.4883105120954718,0.3163601281385383,-0.8226252371126076,-0.8035064670884743,-0.019118770024133314,-1.0301617770424756,-16.506653678557388,53,20,0.31576386422102587,-0.8792477141895128
3.07,2.824608198586347,-0.09542631540207805,0.48802090037104906,0.311979099628951,0.4870046793264635,0.31801000546628,-0.8226252371126076,-0.7896947376644087,-0.032930499448198924,-1.214437321556726,-16.62618549900829,53,20,0.31265362831463056,-0.8818014350832961
3.08,2.8183527124990246,-0.0827550538882976,0.48805816451352935,0.3119418354864707,0.4858808935345994,0.3194171890865133,-0.8229735001264421,-0.7778677777947949,-0.045105722331647224,-1.3812704964128626,-16.741417137253922,53,19,0.3095221422471425,-0.8843315255311244
3.09,2.8132375715221767,-0.06372960747822021,0.48805816451352935,0.3119418354864707,0.48491336134539753,0.3206053680046219,-0.8229735001264421,-0.7677943614054933,-0.05517913872094882,-1.5250152535324202,-16.832709118595563,53,19,0.3063701198620489,-0.8868379840718087
3.1,2.8096729365850965,-0.039297263495507495,0.48817860672931435,0.3118213932706857,0.4840725578467242,0.32160361633818946,-0.8240991283113491,-0.7592006612548354,-0.0648984670565137,-1.6591739557660006,-16.942712949118395,53,19,0.3031982346610455,-0.8893207652820043
3.11,2.8080061824989184,-0.010322349684758654,0.48817860672931435,0.3118213932706857,0.48334972323472414,0.32242187439968895,-0.8240991283113491,-0.7519992936216597,-0.07209983468968939,-1.7658556111372654,-17.009211523300525,53,19,0.30000712029944426,-0.8917797904150678
3.12,2.808528325961012,0.022474897743670386,0.48836226742628086,0.3116377325737192,0.48271249013742706,0.3230952421313141,-0.8258155834231855,-0.7458749906827711,-0.07994059274041443,-1.8694636003786276,-17.113848238144115,53,19,0.2967973693973821,-0.8942149560355592
3.13,2.811482414849669,0.05842088808375748,0.48836226742628086,0.3116377325737192,0.48216646103278044,0.3236222685961235,-0.8258155834231855,-0.7408607123208271,-0.08495487110235844,-1.9427904985416835,-17.160923403133705,53,19,0.2935695335368079,-0.8966261437840581
3.14,2.817066200824098,0.09680752704642598,0.5097622674262808,0.2902377325737192,0.4819896746234839,0.32373030376458606,-1.0258155834231855,-0.7395297703686815,-0.28628581305450396,-3.7173715622000465,-22.80060915114764,55,13,0.2903241200519595,-0.8990132250035675
3.15,2.8251188324726186,0.12696924446854724,0.5097622674262808,0.2902377325737192,0.4845119442033594,0.3210959364535646,-1.0258155834231855,-0.7636262044382935,-0.2621893789848919,-3.7417895983225393,-22.699331529449488,55,13,0.2870614044549919,-0.9013758083895538
3.16,2.834780198208215,0.14416573580132303,0.5125159229014348,0.28748407709856527,0.48674101604647746,0.3187185788119752,-1.0515506813218203,-0.7851515758621602,-0.26639910545966006,-3.762525102375617,-23.276455779919548,55,13,0.2837812363433748,-0.9037129583709513
3.17,2.845161391890844,0.14872156947126255,0.5125159229014348,0.28748407709856527,0.48899284437497803,0.3162899104428638,-1.0515506813218203,-0.8070230557575429,-0.24452762556427743,-3.5785848925432324,-23.112553965901814,55,13,0.28048343864898473,-0.9060237322669583
3.18,2.855399267960111,0.14160413615192177,0.5125207455368596,0.2874792544631405,0.49091169289726094,0.31417348267745565,-1.05159575268093,-0.8258794870084358,-0.22571626567249425,-3.3864259842044797,-22.95638275173482,55,13,0.2771678378102479,-0.9083072242696264
3.19,2.8647369337568884,0.1244219550935507,0.5125207455368596,0.2874792544631405,0.4925383299981325,0.31233622689782004,-1.05159575268093,-0.8420659023379086,-0.20952985034302152,-3.2150679340814006,-22.814525945316422,55,13,0.27383430780824936,-0.9105626313475843
3.2,2.8725237098158334,0.09859097686319061,0.5124929101369076,0.2875070898630925,0.493912554716642,0.31074564081370964,-1.0513356087561452,-0.8559201584249175,-0.19541545033122765,-3.0608659229780426,-22.68295538743415,55,13,0.27048276803237836,-0.9127892531681265
3.21,2.8782021140924017,0.06535434082883279,0.5124929101369076,0.2875070898630925,0.49506905047359695,0.30937366642578235,-1.0513356087561452,-0.867735439475769,-0.18360016928037615,-2.9266383399490588,-22.575650122805865,55,13,0.2671131750793526,-0.9149864805094526
3.22,2.881295701480324,0.025778803246973674,0.5124379855138257,0.28756201448617436,0.496044295928262,0.30818954024564255,-1.050822294521735,-0.8778259611337359,-0.17299633338799902,-2.8045386694505128,-22.46913349640842,55,14,0.2637255164902471,-0.9171537835386107
3.23,2.8813977336532797,-0.01919967804779446,0.5124379855138257,0.28756201448617436,0.4968610777085737,0.3071750798646453,-1.050822294521735,-0.8863831674949921,-0.1644391270267428,-2.7019753407369302,-22.390563807550812,55,14,0.2603198063029715,-0.9192907000949136
3.24,2.8781633189625424,-0.06861990521793489,0.49103798551382566,0.3089620144861744,0.4972362589596778,0.306616760321323,-0.850822294521735,-0.8907453207399757,0.03992302621824073,-0.8968154087991875,-16.723505763814053,53,19,0.2568960836495796,-0.9213968264032006
3.25,2.8716231902742346,-0.11156368417349287,0.49103798551382566,0.3089620144861744,0.4948519056244534,0.3088344840325388,-0.850822294521735,-0.869240287812685,0.018417993290950063,-0.8424257184722767,-16.801203210170094,53,19,0.2534545778830394,-0.92347208324006
3.26,2.8625215842860734,-0.14306904775008508,0.48792959786860485,0.3120704021313952,0.4927056358671246,0.3108311826296512,-0.8217719426972413,-0.8498806226050161,0.02810867990777477,-0.764551408125494,-16.111025152529486,52,20,0.24999587582185573,-0.925517009210997
3.27,2.851650737699546,-0.16310097064858492,0.48792959786860485,0.3120704021313952,0.49045194546133747,0.31295149956550644,-0.8217719426972413,-0.8294413359618271,0.007669393264585822,-0.922283608739929,-16.259850132721834,52,20,0.24652057259019247,-0.9275321937752693
3.28,2.839800655001403,-0.17238914094438113,0.4878117499101593,0.31218825008984075,0.488502883408584,0.31478117878633066,-0.8206705599080307,-0.8117836664591276,-0.008886893448903144,-1.085742477300872,-16.374492592696882,52,20,0.2430292515147823,-0.9295182305818014
3.29,2.827667432469317,-0.17237757113601362,0.4878117499101593,0.31218825008984075,0.4868114267358763,0.31636380796940156,-0.8206705599080307,-0.7964841998433397,-0.024186360064690993,-1.241072511710176,-16.507242689458213,53,20,0.23952244551960167,-0.9314756340140066
3.3,2.815852237504399,-0.16436501526904762,0.4878083616626445,0.3121916383373555,0.48535775942782167,0.3177147068064804,-0.8206388940434065,-0.7833787505670151,-0.037260143476391394,-1.3822776450284655,-16.623327842535634,53,19,0.2360006447611516,-0.9334048341281034
3.31,2.8048700065800065,-0.14950950698909635,0.4878083616626445,0.3121916383373555,0.4841067960988475,0.3188636133181592,-0.8206388940434065,-0.7721644055172349,-0.048474488526171644,-1.5111395340232967,-16.724777084437164,53,19,0.23246430811189042,-0.935306180953583
3.32,2.7951606106580287,-0.1288124103326939,0.4878934506647046,0.31210654933529547,0.4830286603058473,0.31983445028452634,-0.821434118361725,-0.7625897664547707,-0.05884435190695425,-1.6364021420586086,-16.8343500080058,53,19,0.228913874492876,-0.9371799520022634
3.33,2.787097813046997,-0.10317724185836849,0.4878934506647046,0.31210654933529547,0.48210451081231953,0.32063976916022063,-0.821434118361725,-0.75450813856121,-0.06692597980051496,-1.7459467417686438,-16.90866690309239,53,19,0.22534977166316422,-0.9390263588712242
3.34,2.7809968365104636,-0.07336533556586902,0.4880462561146394,0.3119537438853606,0.4812998168639197,0.32130776013384305,-0.822862206678873,-0.7476264333181151,-0.07523577336075793,-1.8592529169791931,-17.012027625115007,53,19,0.22177242281174153,-0.9408455535808238
3.35,2.7771225298440636,-0.04008210218598544,0.4880462561146394,0.3119537438853606,0.48060977351827927,0.32183712643250595,-0.822862206678873,-0.7419282574101557,-0.08093394926871733,-1.953318890613089,-17.065155184647715,53,19,0.21818225184282647,-0.942637636325908
3.36,2.77569381140553,-0.003905274539603797,0.4882503449680826,0.3117496550319174,0.4799972649728221,0.3222594038996009,-0.8247695791409588,-0.7370928087533701,-0.0876767703875887,-2.0557151370575673,-17.163520853868423,53,19,0.2145796853962629,-0.9444026606857582
3.37,2.7768911387834327,0.03461060123785942,0.4882503449680826,0.3117496550319174,0.4794689212561163,0.32256316969114296,-0.8247695791409588,-0.7332044465652963,-0.09156513257566257,-2.135211236580543,-17.200461559845134,53,19,0.21096515472383126,-0.9461406421805437
3.38,2.780857423062353,0.07486060673200201,0.5096503449680826,0.29034965503191745,0.47929817367881944,0.322471224546668,-1.0247695791409588,-0.7328362108979041,-0.2919333682430547,-3.9234273447709422,-22.831401043730104,55,13,0.20733909327643654,-0.9478515614459553
3.39,2.7873855216235204,0.106269026509481,0.5096503449680826,0.29034965503191745,0.4818128542457516,0.3196531943046407,-1.0247695791409588,-0.7577554202855651,-0.2670141588553937,-3.967571771730345,-22.722614408846376,55,13,0.20370180192026235,-0.9495350830804092
3.4,2.7955784116144753,0.12416744241428639,0.5124907757713182,0.28750922422868186,0.4840199880171897,0.3171008939057113,-1.0513156614141885,-0.7799957668760672,-0.27131989453812133,-4.0192984905473015,-23.31601578497952,55,13,0.20005331134321946,-0.9511902454481735
3.41,2.8045141456540854,0.12889630606608768,0.5124907757713182,0.28750922422868186,0.4862432160418484,0.3144910101427517,-1.0513156614141885,-0.8025804013976483,-0.24873526001654023,-3.8616902184465003,-23.14606679802889,55,13,0.19639366503300282,-0.9528160628797413
3.42,2.8132977960218493,0.12144984648232704,0.5124949302961282,0.28750506970387185,0.48811313815034807,0.3121948096290158,-1.0513544887488615,-0.8220482641183753,-0.22930622463048622,-3.695355417319246,-22.98432155735978,55,13,0.19272293439300886,-0.9544115760752898
3.43,2.8211435912555194,0.10347859123880962,0.5124949302961282,0.28750506970387185,0.4896697415323842,0.3101757038591244,-1.0513544887488615,-0.8387571853890642,-0.21259730335979732,-3.548436261105077,-22.837758347392455,55,13,0.189041243427295,-0.9559759309046205
3.44,2.8273746345197788,0.07643110941020305,0.5124642801574965,0.2875357198425036,0.4909529781339673,0.30839860824556975,-1.0510680388551066,-0.8530578032168108,-0.19801023563829578,-3.4151183196337014,-22.70139108475821,55,13,0.18534875864417336,-0.9575083820293409
3.45,2.8314094406870915,0.04157696102976349,0.5124642801574965,0.2875357198425036,0.49199817687440905,0.3068344111758692,-1.0510680388551066,-0.865251241581962,-0.1858167972731446,-3.2969094506031627,-22.59061844694452,55,13,0.1816456740999693,-0.9590082838273164
3.46,2.832750639312508,0.00017168211661634672,0.4910642801574964,0.3089357198425036,0.492529499126568,0.30576634874307423,-0.8510680388551066,-0.8727250017920272,0.021656962936920543,-1.4712691780208953,-16.895513009256973,53,19,0.1779321981767885,-0.9604750825320166
3.47,2.831294164861232,-0.036606007931445445,0.4910642801574964,0.3089357198425036,0.4902400606403053,0.3075096679667741,-0.8510680388551066,-0.85388033959594,0.0028123007408333844,-1.3900784732057394,-16.949024117451984,53,19,0.17420865613015618,-0.9619086068343418
3.48,2.827661291906128,-0.06356991152718798,0.48813705539022384,0.3118629446097762,0.4881413105189414,0.30906199557162706,-0.8237107980394749,-0.8368192287257682,0.013108430686293304,-1.2923173926854123,-16.285496242006037,52,20,0.17047559045813962,-0.9633093834125896
3.49,2.822532042392823,-0.08057483233980572,0.48813705539022384,0.3118629446097762,0.4859186979020357,0.3107473907431043,-0.8237107980394749,-0.8185575100884641,-0.0051532879510107765,-1.4070229569695916,-16.41540663783091,52,19,0.16673350541942417,-0.96467801887952
3.5,2.8165903978228046,-0.08821372589397279,0.48804581767642735,0.3119541823235727,0.48397010344726865,0.31217761490142903,-0.8228581091254891,-0.8027686380646711,-0.02008947106081793,-1.5190523321812888,-16.520356289113483,52,19,0.1629828449611951,-0.9660151472224054
3.51,2.8104374564693932,-0.08777115843253337,0.48804581767642735,0.3119541823235727,0.48226243227415316,0.3133952326506267,-0.8228581091254891,-0.7890990636613385,-0.03375904546415054,-1.612499383298768,-16.63849988664749,52,19,0.15922396385616344,-0.9673213455629093
3.52,2.8045898433923337,-0.08039463317515952,0.4880538806621668,0.3119461193378332,0.48078309758518006,0.3144218257922143,-0.8229334641323999,-0.7773891205278777,-0.0455443436045222,-1.6848347070707874,-16.744944721484586,53,19,0.15545713091234045,-0.968597129078748
3.53,2.799488296071283,-0.06710099815697161,0.4880538806621668,0.3119461193378332,0.4795086376830768,0.3152890886644228,-0.8229334641323999,-0.767381070180626,-0.055552393951773915,-1.7373616213475018,-16.835459471878636,53,19,0.15168253684106342,-0.9698429552652909
3.54,2.7955081640320008,-0.04875740774982942,0.48813828239933493,0.3118617176006651,0.47841724375142347,0.31602603788725847,-0.8237222654143449,-0.7588374105802105,-0.06488485483413442,-1.781023047027846,-16.935452948485775,53,19,0.14790030371401605,-0.9710592299306904
3.55,2.7929683362748032,-0.02613760414694088,0.48813828239933493,0.3118617176006651,0.4774988184545855,0.31664872598619553,-0.8237222654143449,-0.7516359461139722,-0.07208631930037268,-1.8056858519457744,-17.00171972032239,53,19,0.14411049478226606,-0.972246311721951
3.56,2.792138591815212,0.00012000667556385463,0.4882810825575697,0.31171891744243035,0.47672653421072503,0.3171884982979499,-0.8250568463324268,-0.7455048407139027,-0.07955200561852416,-1.831955285621218,-17.095576713281858,53,19,0.14031312456003053,-0.9734045152627626
3.57,2.793247668527435,0.029431655319188826,0.4882810825575697,0.31171891744243035,0.4761010098434699,0.3176476811328285,-0.8250568463324268,-0.7404361154702869,-0.08462073086213995,-1.8405651772145648,-17.142881692546027,53,19,0.1365081697034371,-0.9745341151862498
3.58,2.796486534201287,0.061165927170126595,0.5096810825575697,0.2903189174424304,0.47590404737045605,0.31774576429123186,-1.0250568463324268,-0.7390573975664682,-0.2859994487659586,-3.5615381401784907,-22.782891959018656,55,13,0.13269557887390734,-0.9756353458796885
3.59,2.801698373046832,0.08471856649620818,0.5096810825575697,0.2903189174424304,0.4784620408515063,0.31515596886357616,-1.0250568463324268,-0.763112485924907,-0.2619443604075198,-3.5439887808119517,-22.681945561065618,55,13,0.12887519857462743,-0.9767080998522857
3.6,2.8080423054976325,0.09540590294143514,0.5124716997291685,0.2875283002708315,0.48077862135462035,0.31287263699855505,-1.0511373806464348,-0.7846074035330154,-0.2665299771134194,-3.537923077773985,-23.269047729603773,55,13,0.125046702112333,-0.9777515984311894
3.61,2.814652224331643,0.09358619704504172,0.5124716997291685,0.2875283002708315,0.4831680998320799,0.31057788045461826,-1.0511373806464348,-0.8064963522311291,-0.24464102841530566,-3.3364885945909917,-23.10518354876874,55,13,0.12120978649422226,-0.9787650214520007
3.62,2.820688859156743,0.08026425331894371,0.5124646475144476,0.28753535248555234,0.4852628650945483,0.3086343272703024,-1.0510714720976417,-0.8253669991787193,-0.22570447291892248,-3.137476641475163,-22.945842897020423,55,13,0.11736419429158194,-0.9797475563396225
3.63,2.8254195643698976,0.05709517566997764,0.5124646475144476,0.28753535248555234,0.48709540751091696,0.3070032904950091,-1.0510714720976417,-0.8415519486724669,-0.20951952342517488,-2.9714608353118463,-22.803968356121146,55,13,0.1135097392476537,-0.9806984752309541
3.64,2.8282179433387764,0.025530231942912648,0.5124235607140596,0.28757643928594046,0.4886997791001125,0.3056435411311595,-1.0506874833089679,-0.8554029811633317,-0.1952845021456362,-2.831701366220382,-22.668929831745757,55,13,0.10964630903272454,-0.98161713546729
3.65,2.828550285338659,-0.013157771716573506,0.5124235607140596,0.28757643928594046,0.49010196437822096,0.30452120225622026,-1.0506874833089679,-0.8671998230000033,-0.18348766030896457,-2.721480380914498,-22.561714121450095,55,13,0.10577386365390272,-0.9825029677606056
3.66,2.8259644927581027,-0.05771582023056271,0.4910235607140596,0.30897643928594043,0.49101874072697765,0.30391117572705934,-0.8506874833089679,-0.8743344158874689,0.023646932578500923,-0.9172337395014701,-16.86968463058191,53,19,0.10189243345694397,-0.9833554671350706
3.67,2.820397962082408,-0.0969752130683293,0.4910235607140596,0.30897643928594043,0.48913394452541764,0.30612117459504523,-0.8506874833089679,-0.8551998594877214,0.004512376178753441,-0.8699631654051564,-16.92583916195607,53,19,0.09800218118792825,-0.9841744964007358
3.68,2.812510128142502,-0.12576397701176337,0.48793379313069224,0.3120662068693078,0.48744719216978105,0.30814330107327337,-0.821811150754133,-0.8378686499836807,0.01605749922954769,-0.8043962585351001,-16.222041536414103,52,20,0.09410345569709487,-0.9849606165163903
3.69,2.803022292286073,-0.14388075140393577,0.48793379313069224,0.3120662068693078,0.4856168517009267,0.31031136330885656,-0.821811150754133,-0.8191845251965897,-0.0026266255575433384,-0.974203274584999,-16.354914542986904,52,20,0.0901966413820571,-0.9857144451353326
3.7,2.7926654537426714,-0.1519134593742521,0.48782879819468244,0.3121712018053176,0.4840546574963482,0.3122065278902216,-0.8208298896699293,-0.8030286430192831,-0.017801246650646196,-1.1496182613732722,-16.45922798311452,52,20,0.08628214418259113,-0.9864366074913578
3.71,2.7820878821590473,-0.1511895637122902,0.48782879819468244,0.3121712018053176,0.4827175784805954,0.31386568783109614,-0.8208298896699293,-0.7890275263995293,-0.03180236327039998,-1.312914554400868,-16.58017258845641,53,19,0.08236037156493732,-0.9871276472735934
3.72,2.771852126901801,-0.1429080674743139,0.48783168689887296,0.3121683131011271,0.4815872191147921,0.31530225813792057,-0.8208568869053546,-0.7770325279293061,-0.04382435897604853,-1.457801427423422,-16.68776957210526,53,19,0.0784317297954203,-0.9877880250724606
3.73,2.7624424082169496,-0.12814269980123358,0.48783168689887296,0.3121683131011271,0.48063293257021034,0.3165432124149492,-0.8208568869053546,-0.7667743932488841,-0.054082493656470554,-1.5838205818160338,-16.7805056355653,53,19,0.07449662198007256,-0.9884181270229516
3.74,2.7542744048824317,-0.10782159192164167,0.48791848434816615,0.3120815156518339,0.4798283293817155,0.31761267182661146,-0.8216680780202441,-0.758017091378991,-0.06365098664125313,-1.69930767610254,-16.883057477002566,53,19,0.07055544542080464,-0.9890182757400217
3.75,2.7477033692318584,-0.08278364503283471,0.48791848434816615,0.3120815156518339,0.4791596432800692,0.31852358128875913,-0.8216680780202441,-0.7506358036977108,-0.07103227432253334,-1.7913523151303874,-16.950973373066446,53,19,0.06660858789749373,-0.9895887394452839
3.76,2.743030954321809,-0.05373210421786992,0.48806998774608956,0.3119300122539105,0.47859740722968064,0.3193060185143977,-0.823083997627005,-0.7443522837162755,-0.07873171391072953,-1.8792823897418374,-17.04851628271375,53,19,0.0626564233024841,-0.9901297395834406
3.77,2.7405129468598872,-0.0213179274976158,0.48806998774608956,0.3119300122539105,0.4781422953960266,0.31996128097243304,-0.823083997627005,-0.7391636188018389,-0.08392037882516612,-1.9405730035523874,-17.096969401759438,53,19,0.05869930728405289,-0.9906414590424707
3.78,2.740363452558405,0.01393233249833002,0.48827108464228985,0.3117289153577102,0.47776308305101817,0.3205238016342434,-0.8249634078718678,-0.7347629972746486,-0.09020041059721928,-2.003109245108887,-17.190560788886096,53,19,0.054737572599268654,-0.9911240465340176
3.79,2.742762219313268,0.051514794732857354,0.48827108464228985,0.3117289153577102,0.4774717650551396,0.3209858577443934,-0.8249634078718678,-0.7312425575268513,-0.09372085034501654,-2.0371463036995383,-17.224111488279934,53,19,0.05077152538351765,-0.99157762374524
3.8,2.7478555909683102,0.09087383514630282,0.5096710846422898,0.29032891535771016,0.477547630282239,0.32107328193447304,-1.024963407871868,-0.7311885436811494,-0.2937748641907185,-3.7754353029991305,-22.85216328660383,55,13,0.04680144141328662,-0.9920022858395627
3.81,2.755445053974646,0.12148219210854613,0.5096710846422898,0.29032891535771016,0.4803234857439609,0.31845899016806445,-1.024963407871868,-0.7563761475509178,-0.26858726032095015,-3.766766603646687,-22.740913289295428,55,13,0.04282753299854901,-0.9923977907274121
3.82,2.7646477822322475,0.13872031425538237,0.5124946196321583,0.2875053803678418,0.48281043052272543,0.31613793590546435,-1.051351585347273,-0.7788434327909396,-0.2725081525563334,-3.7632616159312646,-23.32779043463481,55,13,0.03884992487114269,-0.9927632192151806
3.83,2.774558466876878,0.14298564551635737,0.5124946196321583,0.2875053803678418,0.48533375488614916,0.313790925511213,-1.051351585347273,-0.8016020064249355,-0.2497495789223375,-3.5526893536502446,-23.156152186357847,55,13,0.034868729796901046,-0.9930976315946998
3.84,2.784301055546659,0.13532450619625694,0.5124986683687265,0.28750133163127356,0.4875289611662029,0.3117883092279211,-1.0513894240067896,-0.8212179997115971,-0.23017142429519244,-3.3364636467543702,-22.992981327547223,55,13,0.030884054430649878,-0.9934001181724238
3.85,2.793109933194245,0.11743365768433776,0.5124986683687265,0.28750133163127356,0.489437419789214,0.31009404534139723,-1.0513894240067896,-0.8380531516253122,-0.21333627238147734,-3.1445495395457677,-22.8452435917892,55,13,0.026896006422160255,-0.9936698793108948
3.86,2.8003294482307814,0.09080619882243195,0.5124689327606771,0.287531067239323,0.4910993007025423,0.3086725079961992,-1.0511115211278226,-0.8524616481604818,-0.19864987296734082,-2.9730984451334326,-22.708120579182754,55,13,0.022904694619364337,-0.9939062242044395
3.87,2.805400327827494,0.05675311750627269,0.5124689327606771,0.287531067239323,0.492548981183063,0.307492847676202,-1.0511115211278226,-0.8647482874152386,-0.186363233712584,-2.8251980137333486,-22.596495615198165,55,13,0.018910229649325424,-0.9941085566215003
3.88,2.807848237029593,0.016567896743556562,0.49106893276067703,0.308931067239323,0.49350820091526865,0.30683564238391864,-0.8511115211278226,-0.8723016753801403,0.021190154252317628,-0.9798614246655147,-16.900661106262426,53,19,0.01491272608627419,-0.994276362885641
3.89,2.807593941570886,-0.01853739149029938,0.49106893276067703,0.308931067239323,0.4916665850078269,0.3090122263602486,-0.8511115211278226,-0.8535250404092445,0.002413519281421861,-0.8901690720305852,-16.953548990336063,53,19,0.010912315996728851,-0.9944095214712977
3.9,2.805287999771077,-0.043349445022603614,0.4881764139288302,0.31182358607116983,0.49003148877652486,0.3110147483356895,-0.8240786348488804,-0.8365268244898849,0.01244818964100447,-0.7987276422307125,-16.298570472996268,52,20,0.006909151670867142,-0.994508637695096
3.91,2.8016430587772083,-0.057719309599794766,0.4881764139288302,0.31182358607116983,0.4882865575263205,0.3131575699900719,-0.8240786348488804,-0.8183597548422833,-0.005718880006597149,-0.929430169710806,-16.42780697237554,53,20,0.002903377235223291,-0.9945743765367618
3.92,2.7973781612130475,-0.062234669248690394,0.48810547037050134,0.3118945296294987,0.4868186362460152,0.3150503715611426,-0.8234156109392644,-0.8026554424526757,-0.02076016848658868,-1.0712892831123921,-16.537399334749818,53,20,-0.0011048661449621596,-0.9946074069267685
3.93,2.7931316627783462,-0.05818271675194961,0.48810547037050134,0.3118945296294987,0.4855898151558029,0.31672617838928485,-0.8234156109392644,-0.7890824147968133,-0.03433319614245112,-1.20516032795361,-16.654805531511656,53,20,-0.005115432848046979,-0.9946083149590482
3.94,2.789458496546835,-0.04671752033378836,0.48814050983208024,0.3118594901679198,0.4845776096947688,0.31820130742116615,-0.823743082542806,-0.7774593564187039,-0.04628372612410214,-1.3313654784280105,-16.76760942314118,53,19,-0.009128163127561515,-0.9945776018139777
3.95,2.786837985808096,-0.028878841783868427,0.48814050983208024,0.3118594901679198,0.4837539181444029,0.3194965860557502,-0.823743082542806,-0.7675576265824893,-0.056185455960316766,-1.4459442623490664,-16.857326285623856,53,19,-0.0131428743792333,-0.9945156926025804
3.96,2.7856829430193533,-0.005559341549873691,0.48825840581011104,0.311741594189889,0.4830860921549253,0.32063650177775865,-0.824844914113187,-0.7591102354073208,-0.06573467870586625,-1.5629684636572843,-16.96531887413141,53,19,-0.017159353879587853,-0.994422946811064
3.97,2.786347906379797,0.02242443073959446,0.48825840581011104,0.311741594189889,0.48256049834023035,0.3216258964892233,-0.824844914113187,-0.7520308497710609,-0.07281406434212612,-1.6654315699627555,-17.030684839369478,53,19,-0.021177353157974824,-0.9942996681222684
3.98,2.7891338444027483,0.054223646931583595,0.509658405810111,0.29034159418988903,0.4824521886436257,0.32218057857090243,-1.024844914113187,-0.7489327573491741,-0.27591215676401293,-3.4802121030863202,-22.68630013840245,55,14,-0.025196584003586257,-0.9941461108622678
3.99,2.793973975721053,0.07902898055217328,0.509658405810111,0.29034159418988903,0.48507872030590626,0.3199738015763828,-1.024844914113187,-0.7715183118202033,-0.25332660229298376,-3.5546531105315613,-22.598758781798892,55,14,-0.02921670115010912,-0.9939621679863523
4.0,2.8000928555488898,0.09196910325319485,0.5124667612811844,0.2875332387188156,0.48743668122217154,0.31800004288729133,-1.0510912269269572,-0.7917599922190667,-0.25933123470789055,-3.6386385928104925,-23.2019854675462,55,13,-0.03323727453610275,-0.9937470328919649
