time_s,path_error_mm,heading_error_deg,v_left_target,v_right_target,v_left_actual,v_right_actual,omega_cmd,gyro_z,yaw_error,wheel_pi_turn,turn_pwm,left_pwm,right_pwm,x_m,y_m
0.0,0.0003194043160569212,0.045751303032798445,0.4214,0.37860000000000005,0.400159336375,0.39984066362500004,-0.2,-0.001489124999999999,-0.198510875,-1.717349999999998,-6.029337499999999,42,30,0.00039999999999955647,-5.956499999997795e-10
0.01,0.02095313905194317,0.4987493069306408,0.4214,0.37860000000000005,0.401601040960277,0.3982490715307377,-0.2,-0.015663408549248924,-0.1843365914507511,-1.6026669960163176,-6.254484362819175,42,29,0.004399925051100275,-1.659968893986024e-07
0.02,0.07281879680010359,0.9430082316993732,0.4428,0.3572,0.4027051030007053,0.39571871542442216,-0.4,-0.03264667091721069,-0.36735332908278934,-3.1737136284925898,-12.373206476408523,48,23,0.008395191247722764,-1.014866895550703e-06
0.03,0.1548595228030314,1.3676649280259587,0.4428,0.3572,0.4066743173714519,0.3905137857272001,-0.4,-0.07551650301052243,-0.3244834969894776,-3.0145306723363117,-12.547847511470433,48,23,0.01238380476149116,-3.4384795488515588e-06
0.04,0.2653776558710457,1.7680914001908044,0.46420000000000006,0.3358,0.4107858576478827,0.385532985294404,-0.6000000000000001,-0.11800407641812505,-0.48199592358187504,-4.3566097406252915,-18.509255616156523,54,17,0.016367261991308522,-9.02152150892833e-06
0.05,0.40242791861655663,2.135742178624009,0.46420000000000006,0.3358,0.4174618832219194,0.3782997416028951,-0.6000000000000001,-0.18300066177114183,-0.41699933822885826,-3.9955981416328856,-18.47580080424487,54,17,0.02034724369885935,-1.965164768408261e-05
0.06,0.5635405083473641,2.467878881992379,0.48560000000000003,0.3144,0.4238640850061482,0.3715756028741683,-0.8,-0.24433870155130788,-0.5556612984486922,-5.16416591712829,-24.210777190251623,55,12,0.024325077873337844,-3.777832967068364e-05
0.07,0.7460921526951682,2.757677537096662,0.48560000000000003,0.3144,0.4324363739403854,0.3628528805049627,-0.8,-0.32515651138048,-0.47484348861952,-4.656679515370493,-23.951778662793288,55,12,0.028301728737050877,-6.602821615542303e-05
0.08,0.9470297292369897,3.0039646238872977,0.507,0.29300000000000004,0.4403881188118025,0.3548734862297439,-1.0,-0.39960108683204976,-0.6003989131679502,-5.703297527839133,-29.473338014931766,55,6,0.03227785939925639,-0.0001074729778558762
0.09,1.1632366190306822,3.2013088922045005,0.507,0.29300000000000004,0.4502127469531938,0.34510719077661056,-1.0,-0.49114745876908034,-0.5088525412309197,-5.095330245864328,-29.019198749942937,55,7,0.03625389129237489,-0.0001652566029132858
0.1,1.39124934409047,3.3498420364415384,0.5177,0.2823,0.45899576135957165,0.3364405335420184,-1.1,-0.5726879804558562,-0.5273120195441439,-5.201064128758315,-31.352041505957942,55,5,0.040230041433677796,-0.00024287460952255034
0.11,1.6277865634650066,3.450697495937518,0.5177,0.2823,0.4680038897614924,0.32758540380795936,-1.1,-0.6561611493155747,-0.4438388506844254,-4.537014651126551,-30.659967590590195,55,5,0.04420635797797889,-0.0003436406633786849
0.12,1.8696495712348273,3.5076197861598497,0.5177,0.2823,0.47574720173230023,0.32001535969825157,-1.1,-0.7277188880095731,-0.372281111990427,-3.855728083299025,-29.856155122429378,55,6,0.04818274136204538,-0.0004707830562355504
0.13,2.1140537104933337,3.5272374242820916,0.5177,0.2823,0.4822924871910413,0.31365119519361834,-1.1,-0.7880434205487055,-0.3119565794512946,-3.2748116104820744,-29.029431138548606,55,7,0.05215897375438629,-0.0006271102319285405
0.14,2.3586507387598044,3.5156622377594977,0.5177,0.2823,0.48774648247936414,0.30837700420190217,-1.1,-0.8381751321376725,-0.2618248678623276,-2.7874809505756564,-28.231934692753118,55,8,0.05613474351229883,-0.0008149865391932405
0.15,2.601488077979406,3.4783559108973203,0.5177,0.2823,0.4922328629397969,0.3040627012027947,-1.1,-0.8792998212009446,-0.22070017879905546,-2.3839127422082473,-27.493208608839392,55,8,0.06010966697155938,-0.001036371943999656
0.16,2.8409628002136693,3.420088886925459,0.5177,0.2823,0.49587882019547225,0.300577093914966,-1.1,-0.9126248891612438,-0.18737511083875624,-2.0531081026537805,-26.828256876697008,55,9,0.06408330842402013,-0.0012928677118113556
0.17,3.0757750007546596,3.344953193982837,0.5177,0.2823,0.4988071658484538,0.2977955061177045,-1.1,-0.9393068211717257,-0.16069317882827439,-1.7839943355419177,-26.24257094414461,55,10,0.06805519816397597,-0.0015857633242862598
0.18,3.3048832542039768,3.2564063176612104,0.5177,0.2823,0.5011318380293146,0.29560403324488693,-1.1,-0.9604103027309707,-0.13958969726902937,-1.5660840856977125,-25.735480763912545,55,10,0.07202484848572459,-0.001916081838839227
0.19,3.5274636562927366,3.1573316956288635,0.5177,0.2823,0.5029555941101733,0.29390162061368125,-1.1,-0.9768877266191217,-0.12311227338087838,-1.3898579577058183,-25.302480537678804,55,11,0.07599176754777315,-0.0022846220842020907
0.2,3.7428731922898093,3.0501064443159818,0.5177,0.2823,0.5043691306910549,0.2926007068325976,-1.1,-0.9895720741049412,-0.1104279258950589,-1.2469651843535923,-24.93686962271463,55,11,0.07995547105851246,-0.002691996842362882
0.21,3.950617676243915,2.9366701722326867,0.5177,0.2823,0.5054511261986452,0.291626928542116,-1.1,-0.9991784937220988,-0.10082150627790132,-1.130301210329169,-24.630907427871644,55,11,0.0839154917738123,-0.0031386666618164437
0.22,4.15032418384867,2.8185909432722664,0.5177,0.2823,0.5062688575134008,0.2909182324461076,-1.1,-1.0063113320901549,-0.0936886679098452,-1.0340014840094476,-24.37661142461956,55,12,0.08787138682680812,-0.003624969268693614
0.23,4.3417177011363846,2.697126002098291,0.5177,0.2823,0.5068791463335305,0.2904236406909665,-1.1,-1.0114743254325422,-0.08852567456745786,-0.9533789321625916,-24.166289351671168,55,12,0.09182274293565368,-0.004151144745248525
0.24,4.5246015957992025,2.5732759692775735,0.5177,0.2823,0.5073294648228425,0.2901018450264356,-1.1,-1.0150823354972283,-0.08491766450277183,-0.8848248379905312,-23.992873300978278,55,12,0.0957691795587396,-0.004717356765207745
0.25,4.698841462642817,2.4478319832128776,0.5177,0.2823,0.5076590840451085,0.2899197534808894,-1.1,-1.0174735073094352,-0.08252649269056489,-0.8256874527138084,-23.85010738047208,55,12,0.0997103500910372,-0.005323710237906597
0.26,4.864351881190326,2.3214157949180083,0.5177,0.2823,0.5079001885785087,0.2898510748358939,-1.1,-1.0189210922552094,-0.08107890774479065,-0.7741387997736628,-23.73262886714571,55,12,0.10364594122113092,-0.005970265736457423
0.27,5.021085638142708,2.194513172148156,0.5177,0.2823,0.5080789101346305,0.28987499749495266,-1.1,-1.0196444515872793,-0.08035554841272075,-0.7290373105708247,-23.63597370862923,55,12,0.10757567059644595,-0.0066570510831175074
0.28,5.169025000079593,2.0675011877107634,0.5177,0.2823,0.5082162544572069,0.28997499801605997,-1.1,-1.0198189553324621,-0.08018104466753795,-0.689791869115118,-23.556530136495773,55,12,0.11149928297355001,-0.007384070447647478
0.29,5.308174664886222,1.9406700882495256,0.5177,0.2823,0.5083289110817824,0.2901377988564731,-1.1,-1.0195846365668657,-0.08041536343313438,-0.6562313377138195,-23.491458565092618,55,13,0.11541654505993629,-0.008151311289057998
0.3,5.438556068392849,1.8142404914098345,0.5177,0.2823,0.508429946115356,0.2903524834154386,-1.1,-1.0190535640183052,-0.08094643598169493,-0.6284825371445149,-23.43859155351452,55,13,0.11932723928168595,-0.008958749442796636
0.31,5.560202771674083,1.688376661611723,0.5177,0.2823,0.5085293851594646,0.29060976821348905,-1.1,-1.018315967037269,-0.08168403296273108,-0.6068588481245127,-23.396324167307046,55,13,0.12323115673601305,-0.009806352627440179
0.32,5.673156701675897,1.5631965832003205,0.5177,0.2823,0.508634697733664,0.29090142620760134,-1.1,-1.0174451940470215,-0.0825548059529786,-0.5917609980987175,-23.36350239815401,55,13,0.12712808960709554,-0.010694082619280757
0.33,5.777465061565366,1.4387794961190565,0.5177,0.2823,0.5087511967570161,0.2912198511905094,-1.1,-1.0165016147967598,-0.08349838520324027,-0.5835911312024826,-23.339315225134513,55,13,0.1310178233361916,-0.011621896320743253
0.34,5.873177766397629,1.3151714920334718,0.5177,0.2823,0.5088823673627293,0.29155775049201826,-1.1,-1.01553559285379,-0.08446440714621017,-0.5826808797553978,-23.32319429851414,55,13,0.13490012884155428,-0.012589745929506981
0.35,5.960345293858912,1.1923896942869483,0.5177,0.2823,0.5090301389858025,0.29190795144402554,-1.1,-1.0145896614101726,-0.0854103385898275,-0.589233827147962,-23.314723988567476,55,13,0.13877475507922526,-0.01359757839916721
0.36,6.039016868840728,1.0704254677158405,0.5177,0.2823,0.5091951136099645,0.2922633060386616,-1.1,-1.0137000353799204,-0.08629996462007972,-0.6032824506356398,-23.313563580544848,55,13,0.1426414222219979,-0.014645334368578462
0.37,6.109238924549251,0.9492470274208867,0.5177,0.2823,0.5093767615467785,0.2926166777241566,-1.1,-1.012897587956177,-0.08710241204382307,-0.624659344075162,-23.319382643734052,55,13,0.14649981571075313,-0.015732946724827408
0.38,6.171053802036879,0.8288017413719958,0.5177,0.2823,0.5095735943445964,0.2929609942249558,-1.1,-1.012208411774021,-0.08779158822597899,-0.6529822383699527,-23.331810004478037,55,13,0.1503495814004975,-0.016860338953209184
0.39,6.224498664834675,0.7090183518233981,0.5177,0.2823,0.5097833225389311,0.293289350560776,-1.1,-1.0116540746642761,-0.08834592533572394,-0.6876520605440979,-23.35039627017794,55,13,0.1541903219837057,-0.018027423415812614
0.4,6.269604863906027,0.5898446023106672,0.5135421130384619,0.28645788696153823,0.5099370322203985,0.2936611188729708,-1.0611412433501102,-1.0106351091001298,-0.050506134249980406,-0.3941925757870856,-22.20312666164908,55,14,0.1580215949027873,-0.019234099451724572
0.41,6.306465072552024,0.47332572162536446,0.5135421130384619,0.28645788696153823,0.5095386366553862,0.29456279845150857,-1.0611412433501102,-1.0045599916069048,-0.056581251743205385,-0.4432076743038211,-22.19899224514467,55,14,0.16184293285054902,-0.020480187449870613
0.42,6.3353088613065465,0.36037767580330676,0.5133867886202313,0.2866132113797687,0.5091873808539411,0.2953858171224685,-1.0596896132731897,-0.9990727277171618,-0.060616885556027844,-0.5280044423069843,-22.192163495050888,55,14,0.16565387133225834,-0.021765356353616927
0.43,6.3563631015375615,0.25066392627004236,0.5133867886202313,0.2866132113797687,0.5088750202939938,0.2961296516711524,-1.0596896132731897,-0.9941372365553334,-0.0655523767178563,-0.6239512394682589,-22.251944058038177,55,14,0.16945391067288476,-0.023089256266300116
0.44,6.3698298294834075,0.1437561295848336,0.5132474409658108,0.28675255903418934,0.5086223183812266,0.2967656118461928,-1.0583872987458944,-0.9899846099767937,-0.06840268876910072,-0.7064236561510182,-22.287268842667586,55,14,0.17324251251778405,-0.024451538928045125
0.45,6.375881569793547,0.039238283469655154,0.5132474409658108,0.28675255903418934,0.5084082330391186,0.2973079073173211,-1.0583872987458944,-0.9864501201953154,-0.07193717855057902,-0.794373614467779,-22.36780848479963,55,14,0.17701910255953288,-0.025851862076983763
0.46,6.374663520853861,-0.06332752765988381,0.5131169348118116,0.28688306518818835,0.5082432025754344,0.2977405782286795,-1.0571676150636604,-0.9836571231156774,-0.07351049194798298,-0.8661735979901535,-22.414550650089694,55,14,0.18078307654704992,-0.027289887954825846
0.47,6.366292728324326,-0.16432607358836598,0.5131169348118116,0.28688306518818835,0.5081029239911045,0.2980838883315855,-1.0571676150636604,-0.9813973628949484,-0.07577025216871203,-0.9402902517074065,-22.495683353972243,55,14,0.18453380613863252,-0.02876528527701627
0.48,6.3508622995529596,-0.264136622487638,0.5129886106742994,0.28701138932570064,0.5079947731084806,0.29832802512166084,-1.0559683240588726,-0.9797511588169148,-0.07621716524195787,-0.9964596415919136,-22.537484029773957,55,14,0.18827064718013872,-0.03027772709056113
0.49,6.328442093173126,-0.3630685506408235,0.5129886106742994,0.28701138932570064,0.5078945116857884,0.2984964574966218,-1.0559683240588726,-0.9784955803232083,-0.07747274373566437,-1.05337083598342,-22.608646183123504,55,14,0.19199294713573967,-0.03182689247803511
0.5,6.299083628159564,-0.4614167132472666,0.5128558877328772,0.2871441122671229,0.5078100523643388,0.29858217781194013,-1.0547279227371693,-0.9777003483756951,-0.07702757436147423,-1.0909976445013956,-22.63607607616832,55,13,0.19570005422188952,-0.03341246481399212
0.51,6.2628212121259725,-0.55939953411405,0.5128558877328772,0.2871441122671229,0.5077182827669764,0.29861082686413803,-1.0547279227371693,-0.9771376444057867,-0.07759027833138266,-1.129191402854207,-22.69192497824726,55,13,0.1993913249899119,-0.03503413389382172
0.52,6.219676959082473,-0.6572217759853131,0.512711768891861,0.28728823110813906,0.5076296773582478,0.29857597516896506,-1.0533810176809437,-0.9768864588284241,-0.07649455885251966,-1.1471304025430042,-22.699538636167826,55,13,0.20306613301805335,-0.036691594724810886
0.53,6.169661771447665,-0.755009661079633,0.512711768891861,0.28728823110813906,0.5075221345038657,0.29850512713022015,-1.0533810176809437,-0.9767149877273157,-0.07666602995362803,-1.166888168028501,-22.738057251726985,55,13,0.20672387536293108,-0.03838455013852302
0.54,6.112780218258803,-0.8528828455049957,0.5125483366827444,0.2874516633172557,0.507409916832857,0.29839057593460866,-1.0518536138574235,-0.9767258920478891,-0.07512772180953442,-1.1657200342404614,-22.722931303727197,55,13,0.21036397972063825,-0.04011270981374707
0.55,6.049031020411154,-0.9508818328691547,0.5125483366827444,0.2874516633172557,0.5072710652020963,0.29826174649643133,-1.0518536138574235,-0.9766790593722662,-0.07517455448515731,-1.1691062602059359,-22.744477489431574,55,13,0.21398590871915862,-0.04187579313100828
0.56,5.978412992186959,-1.0488721017745803,0.4911483366827443,0.3088516633172557,0.5067879720744529,0.2984443496658653,-0.8518536138574235,-0.9735683290120914,0.12171471515466792,0.5509000954149126,-16.730145945316497,53,19,0.21758916535865386,-0.04367352679432658
0.57,5.901271104493909,-1.1358699467741402,0.4911483366827443,0.3088516633172557,0.5034246455210636,0.3014828265816803,-0.8518536138574235,-0.9436533595298288,0.09179974567240523,0.5384848025346681,-16.567207728043574,53,19,0.2211734527458017,-0.04550533949546784
0.58,5.818687884938135,-1.2065936546143732,0.48752564711237234,0.3124743528876277,0.5002401293965362,0.3043266284027067,-0.8179967019847884,-0.9154836495038762,0.09748694751908782,0.5915824651916148,-15.567191030843953,52,20,0.22473886659116224,-0.047370022594993545
0.59,5.7318117181027235,-1.2607063412240225,0.48752564711237234,0.3124743528876277,0.4968788042093341,0.3073396179704892,-0.8179967019847884,-0.8856971319572192,0.06770042997243086,0.37306708928062104,-15.660343730893963,52,20,0.2282856014479166,-0.04926633684724135
0.6,5.64179672782655,-1.2990581889029849,0.48706164855104356,0.3129383514489565,0.49388501016387937,0.3099851628819618,-0.8136602668321825,-0.8593450807566242,0.04568481392444168,0.1800183514967853,-15.707471956843268,52,20,0.2318139205081851,-0.051193067028574776
0.61,5.549679698431803,-1.323436794881594,0.48706164855104356,0.3129383514489565,0.4912125973092626,0.31231632546693733,-0.8136602668321825,-0.8359638871136693,0.022303620281486802,-0.019821313552343817,-15.922016439639942,52,20,0.2353240910375627,-0.05314912947633366
0.62,5.456370357143932,-1.3357049369216254,0.486762356353148,0.313237643646852,0.48890932038570567,0.31429124159654387,-0.8108631434873645,-0.8159723307904756,0.005109187303111051,-0.17047145675330036,-16.06941526368895,52,20,0.23881637033131503,-0.0551335777445533
0.63,5.362647939020902,-1.3375833984608132,0.486762356353148,0.313237643646852,0.4869133456712571,0.31597642927225467,-0.8108631434873645,-0.7987706373785158,-0.01209250610884871,-0.3174739667604996,-16.29732447005626,52,20,0.2422909939483702,-0.05714560193754512
0.64,5.269175892146651,-1.330695033943536,0.4865914348387297,0.31340856516127036,0.48523182614889776,0.31736807735664857,-0.8092657461563523,-0.7844100410852765,-0.024855705071075818,-0.42942302276999134,-16.46734141043241,52,20,0.24574817273402222,-0.059184511721560695
0.65,5.176508237466099,-1.3164733144035063,0.4865914348387297,0.31340856516127036,0.48380904195831875,0.31852382234490606,-0.8092657461563523,-0.7723608393150125,-0.036904906841339735,-0.534281735504626,-16.667332467653733,53,19,0.24918808597684045,-0.06124972626763573
0.66,5.085105318233713,-1.2962010753616278,0.4865159654753373,0.3134840345246627,0.4826325645028654,0.31945655767214387,-0.8085604250031525,-0.7625047048164558,-0.04605572018669668,-0.6177310657573041,-16.827526629941197,53,19,0.2526108797903385,-0.06334075588286804
0.67,4.995343071761906,-1.2709885302743147,0.4865159654753373,0.3134840345246627,0.4816592540993828,0.3202084664314103,-0.8085604250031525,-0.7544429330279088,-0.05411749197524374,-0.693572960418342,-16.98843216539509,53,19,0.25601666293929326,-0.06545718917431803
0.68,4.907526352366098,-1.241794482922341,0.4865093799100605,0.31349062008993955,0.48086786027467,0.3207985070309679,-0.8084988776641165,-0.7479876319799162,-0.0605112456842003,-0.7591460940701196,-17.128610087621762,53,19,0.25940550567846976,-0.06759867682831497
0.69,4.821898071046825,-1.2094441540492105,0.4865093799100605,0.31349062008993955,0.4802285142846068,0.3212530587689192,-0.8084988776641165,-0.7428759603536801,-0.06562291731043646,-0.8173760890124537,-17.252884655461628,53,19,0.2627774375064459,-0.06976491919266659
0.7,4.738649086364829,-1.1746309106484176,0.4865514430408695,0.31344855695913054,0.4797166565616492,0.32159217922460037,-0.8088919910361636,-0.7388994268086394,-0.0699925642275242,-0.8733836053723201,-17.373177881284743,53,19,0.2661324465442543,-0.07195565358914796
0.71,4.657926051424405,-1.1379563601818832,0.4865514430408695,0.31344855695913054,0.47931410558722465,0.3218287598280276,-0.8088919910361636,-0.7359128306504532,-0.0729791603857104,-0.9219906654413683,-17.468157992172152,53,19,0.2694704791624971,-0.07417064386180584
0.72,4.5798380129445455,-1.0999141887979336,0.4866271769460058,0.3133728230539942,0.4789956582388266,0.32198218093471964,-0.8095997845421102,-0.733707837869659,-0.07589194667245125,-0.973421830670979,-17.572329134078792,54,18,0.2727914403346156,-0.07640967160228024
0.73,4.504462773267119,-1.0609420472008502,0.4866271769460058,0.3133728230539942,0.4787525589065813,0.3220551193292035,-0.8095997845421102,-0.7322310260625134,-0.07736875847959679,-1.0166416633313928,-17.645632172593388,54,18,0.27609519529941307,-0.07867252831593559
0.74,4.431850826052749,-1.0213904886760765,0.48672557229646063,0.3132744277035394,0.4785601619646756,0.3220661729955863,-0.810519367256641,-0.7312803222854641,-0.07923904497117684,-1.0651790304987951,-17.737518543725905,54,18,0.2793815712972416,-0.08095901043446728
0.75,4.362030490274744,-0.9815805455695937,0.48672557229646063,0.3132744277035394,0.4784169455146163,0.3220111342619579,-0.810519367256641,-0.7308682768815812,-0.0796510903750598,-1.1039477375359745,-17.79493539422279,54,18,0.2826503613461442,-0.08326891423021683
0.76,4.295009941618006,-0.9417612479755928,0.48683846891258253,0.3131615310874175,0.4782993593608019,0.32190841739098175,-0.8115744758185284,-0.7307987942514961,-0.0807756815670323,-1.1485921484644384,-17.87688784140526,54,18,0.2859013275252991,-0.08560203421338694
0.77,4.2307815201903525,-0.9021694560564063,0.48683846891258253,0.3131615310874175,0.4782112911140126,0.32174984617185276,-0.8115744758185284,-0.7311282473932701,-0.08044622842525828,-1.1814370632630693,-17.921787101896957,54,18,0.2891342066938157,-0.08795816059473793
0.78,4.169322557003778,-0.8629794593799924,0.4869597428446223,0.31304025715537775,0.47813058390457475,0.32155435829390633,-0.8127078770525443,-0.7316646056573289,-0.08104327139521539,-1.2194599726850408,-17.994350932192386,54,18,0.29234871515155814,-0.09033708048812725
0.79,4.1105992313222455,-0.8243632049397811,0.4869597428446223,0.31304025715537775,0.47806514043793125,0.32131208320566784,-0.8127078770525443,-0.7324909216460906,-0.08021695540645368,-1.2435803237287963,-18.027951592398146,54,18,0.29554455582921807,-0.09273857749272443
0.8,4.054566740625485,-0.786435207260313,0.48708480433568546,0.3129151956643146,0.4779944338742994,0.32104296590822123,-0.8138766760344437,-0.7334180746078421,-0.08045860142660155,-1.2715902284465723,-18.09026404492019,54,18,0.2987214238327664,-0.09516243499445515
0.81,4.001172974075102,-0.7493122233079129,0.48708480433568546,0.3129151956643146,0.47792936574714356,0.3207369911568985,-0.8138766760344437,-0.7345438064964723,-0.07933286953797136,-1.283941602722435,-18.11234400719411,54,18,0.3018790143725434,-0.09760843727478252
0.82,3.9503583922831784,-0.7130562260231168,0.48721034342410674,0.3127896565758933,0.4778512471177432,0.32041522851966986,-0.8150499385430533,-0.7356823298975389,-0.0793676086455144,-1.298895963392162,-18.162874373649093,54,18,0.3050170284577358,-0.10007637411792482
0.83,3.90205964776327,-0.6777331154495955,0.48721034342410674,0.3127896565758933,0.4777732476153895,0.32006835237140313,-0.8150499385430533,-0.7369387628223663,-0.07811117572068704,-1.297134727678544,-18.17262088400015,54,18,0.30813518067517126,-0.10256604274814743
0.84,3.8562093651076976,-0.6433558707405754,0.4873342330426904,0.31266576695730963,0.47767865279229027,0.3197182972553627,-0.8162077854457048,-0.7381325025090071,-0.07807528293669774,-1.2971652844390886,-18.209986249298748,54,18,0.311233204190214,-0.10507725291393956
0.85,3.812739715168652,-0.6099422345184624,0.4873342330426904,0.31266576695730963,0.4775823616788242,0.31935661968800744,-0.8162077854457048,-0.7393726261253118,-0.07683515932039298,-1.2803462180725804,-18.20678952294223,54,18,0.31431085746844134,-0.10760982891713676
0.86,3.771582140073131,-0.5774594072142059,0.4874554983069359,0.31254450169306414,0.47746963354841787,0.3190055623522001,-0.817341105672298,-0.7404863140010174,-0.07685479167128062,-1.2653031203664704,-18.230459614389726,54,18,0.3173679277769268,-0.11016361437583592
0.87,3.732670798032213,-0.54588090107706,0.4874554983069359,0.31254450169306414,0.4773566754030869,0.31865723593223083,-0.817341105672298,-0.7415861657516637,-0.07575493992063431,-1.2342624358230725,-18.214520921741258,54,18,0.32040423607078683,-0.11273847364593942
0.88,3.6959421736616735,-0.5151333354244132,0.4875742754753448,0.3124257245246552,0.4772305268591247,0.31833347023577496,-0.818451172666774,-0.7425096103894845,-0.07594156227728954,-1.2059245048543359,-18.225291669306895,54,18,0.32341963836493065,-0.11533429557171661
0.89,3.661338265036909,-0.48515287318003913,0.4875742754753448,0.3124257245246552,0.477108349599974,0.3180262370126076,-0.818451172666774,-0.7433743578848895,-0.07507681478188455,-1.1633228402913334,-18.19797330404661,54,18,0.32641402826263904,-0.11795099371722527
0.9,3.6288059619212856,-0.4558338894517417,0.487691707798779,0.312308292201221,0.47697855364527547,0.31775622269571197,-0.8195486710166263,-0.744029583876465,-0.07551908714016131,-1.1252666494730656,-18.198147016176968,54,18,0.32938733585048735,-0.12058850859671615
0.91,3.598299845751006,-0.42708558573790545,0.487691707798779,0.312308292201221,0.4768589460593131,0.31751437642604896,-0.8195486710166263,-0.7446007926788047,-0.07494787833782157,-1.07531044660047,-18.162039831978504,54,18,0.33233952768619784,-0.1232468063232839
0.92,3.569781203304834,-0.39878161681808205,0.4878097526959201,0.31219024730407996,0.4767386967599695,0.3173196497873204,-0.8206518943543931,-0.7449488176292015,-0.07570307672519161,-1.0324759807184198,-18.15530257635847,54,18,0.3352706032101478,-0.12592587905725164
0.93,3.54322034568769,-0.37081761458891443,0.4878097526959201,0.31219024730407996,0.4766359887735031,0.317161071684952,-0.8206518943543931,-0.7452098929371547,-0.07544200141723845,-0.9803766374358416,-18.114028954066335,54,18,0.33818059237984266,-0.12862574192368684
0.94,3.5185951445177683,-0.3430603441803599,0.4879309010766698,0.31206909892333023,0.4765399956783046,0.31705552569828593,-0.8217841222118671,-0.7452545326169094,-0.0765295895949577,-0.9384069230219727,-18.105061886644958,54,18,0.34106954993402455,-0.13134643169915602
0.95,3.4958928352843435,-0.3154069424467492,0.4879309010766698,0.31206909892333023,0.4764690558759095,0.3169893692591115,-0.8217841222118671,-0.7452321804523269,-0.07655194175954028,-0.8896701880834509,-18.062867180538756,54,18,0.34393755120273684,-0.1340880021185814
0.96,3.4751080068865594,-0.2877318912111697,0.48805783192197966,0.3119421680780204,0.476411529638559,0.3169774162846091,-0.8229703917942022,-0.7450192212801394,-0.07795117051406275,-0.8541312943867916,-18.056765575633136,54,18,0.34678468485021724,-0.13685052110315077
0.97,3.45624392459921,-0.2599487687782424,0.48805783192197966,0.3119421680780204,0.4763857535170624,0.3170028745633688,-0.8229703917942022,-0.7447798081948301,-0.07819058359937203,-0.81379000260138,-18.017977076409302,54,18,0.34961104765035583,-0.13963406483298826
0.98,3.439309961403609,-0.23195330711889237,0.48819304117614787,0.3118069588238522,0.47637849818253525,0.31707883579029267,-0.8242340296836246,-0.7443909457581428,-0.07984308392548178,-0.7893921233428218,-18.019575666271017,54,18,0.35241673652847105,-0.1424387140609744
0.99,3.424322544247189,-0.20368836096121512,0.48819304117614787,0.3118069588238522,0.47640801774591496,0.3171852321156829,-0.8242340296836246,-0.7440317085524863,-0.08020232113113823,-0.7613004965538377,-17.988022598653764,54,18,0.35520184323405446,-0.14526454753180262
1.0,3.41130207781823,-0.17508155447819848,0.4883384923237081,0.31166150767629197,0.4764588591929826,0.31733409034904847,-0.8255933862028791,-0.7435736861866078,-0.08201970001627135,-0.7512382959461177,-18.001236188637254,54,18,0.35796644657219784,-0.14811163809012295
1.01,3.400273675217484,-0.1461139959327278,0.4883384923237081,0.31166150767629197,0.47654919693912945,0.31750231646895966,-0.8255933862028791,-0.7432097218232235,-0.08238366437965561,-0.7375347308451221,-17.97972575595549,54,18,0.36071060791039455,-0.1509800461451517
1.02,3.391262432297076,-0.11693196787402621,0.509738492323708,0.29026150767629194,0.47699800627785705,0.317364692284802,-1.0255933862028792,-0.7459500653881078,-0.2796433208147714,-2.4478092729537835,-23.992156553189822,55,12,0.3634343635173713,-0.15386981719412274
1.03,3.3839516583103517,-0.09852622040870175,0.509738492323708,0.29026150767629194,0.48034039874749657,0.3143787549725018,-1.0255933862028792,-0.7755216998831531,-0.2500716863197261,-2.4268901094496442,-24.152059251253345,55,12,0.3661374703649334,-0.15678120868215628
1.04,3.377295145679935,-0.09617156408933164,0.5124621453060804,0.2875378546939196,0.48350235336909675,0.31161031763643876,-1.051048086972714,-0.8032338118348507,-0.24781427513786325,-2.4013020783775634,-24.895393513980398,55,11,0.3688191111525546,-0.15971493999509748
1.05,3.3701930049232924,-0.1097384944978197,0.5124621453060804,0.2875378546939196,0.4867323485358107,0.3088021168737224,-1.051048086972714,-0.831449680663964,-0.21959840630874994,-2.179749246862093,-24.792047004923717,55,11,0.37147837989145116,-0.16267171937333721
1.06,3.361566799167191,-0.13814822059797421,0.5124265430809025,0.2875734569190975,0.4896084414946699,0.3063670301504989,-1.050715355896285,-0.8562682773092106,-0.19444707858707433,-1.9563234815986612,-24.602976402004344,55,11,0.3741143364555056,-0.16565218905776102
1.07,3.350458886014764,-0.17941938335703003,0.5124265430809025,0.2875734569190975,0.49212000367609204,0.30430664385950007,-1.050715355896285,-0.8776325225074393,-0.17308283338884567,-1.7693149175157348,-24.38932823317205,55,12,0.3767260826571937,-0.16865685800878194
1.08,3.3360473232588697,-0.23145994733042333,0.49102654308090254,0.3089734569190975,0.49394795395305313,0.3029313188785616,-0.850715355896285,-0.8926010984789323,0.04188574258264732,0.10195600761196053,-18.138006466327653,54,18,0.3793127780483196,-0.1716860939533047
1.09,3.3179833915624077,-0.2814675758723744,0.49102654308090254,0.3089734569190975,0.49258374242385505,0.3047414901262133,-0.850715355896285,-0.8777675341011294,0.0270521782048444,0.20397547840599356,-17.75210715696644,54,18,0.38187390483871114,-0.17473991055655533
1.1,3.2967682069688995,-0.32256032710441324,0.4878008170337269,0.31219918296627314,0.4911250798780489,0.30663219463738267,-0.8205683834927744,-0.8621162861713376,0.04154790267856323,0.3077135011442082,-16.6637882418918,53,19,0.38440957249096547,-0.1778177415015756
1.11,3.273067840645736,-0.35322864891218636,0.4878008170337269,0.31219918296627314,0.48929682704781663,0.3088724047141642,-0.8205683834927744,-0.8431047772600578,0.022536393767283447,0.1456236570640563,-16.586789620958086,53,19,0.38692000876004207,-0.18091889732607588
1.12,3.24763151701446,-0.3732648452399621,0.4875920405619095,0.3124079594380905,0.4876217927058174,0.3109344090683822,-0.8186172015131726,-0.8256419796141831,0.0070247781010104315,-0.028064938845870663,-16.559704286084003,53,20,0.389405503765757,-0.18404262465372564
1.13,3.221164054697872,-0.38360433466881966,0.4875920405619095,0.3124079594380905,0.48611243863891695,0.31280223752143677,-0.8186172015131726,-0.8098607528854213,-0.008756448627751379,-0.2035435860370358,-16.65429886146202,53,19,0.3918663158735934,-0.18718819154230823
1.14,3.1943001488037623,-0.38536577292547364,0.48749838993125,0.31250161006875005,0.4848088008569686,0.3144338153509398,-0.8177419619742989,-0.7961447920842466,-0.021597169890052337,-0.3543231453079941,-16.75966669640449,53,19,0.394302655081536,-0.1903549071895017
1.15,3.1675942172870606,-0.3797020527849736,0.48749838993125,0.31250161006875005,0.48369597114625973,0.3158435006446302,-0.8177419619742989,-0.7843573387926612,-0.03338462318163771,-0.4911367981416268,-16.90722341407725,53,19,0.3967146781281185,-0.1935421318405654
1.16,3.1415223219902466,-0.3677403328031488,0.48749774543634017,0.3125022545636599,0.48277415333817375,0.31703198987511716,-0.8177359386573844,-0.7744960909488626,-0.04323984770852174,-0.6068149398270926,-17.058074667275584,53,19,0.39910249283242877,-0.19674927937855222
1.17,3.1164840512189653,-0.3505439583061756,0.48749774543634017,0.3125022545636599,0.48202503155621657,0.31801985614439254,-0.8177359386573844,-0.7663793243543177,-0.051356614303066705,-0.7009017825414806,-17.20301242600966,53,19,0.4014661620676397,-0.1999758199768211
1.18,3.0928092287511393,-0.32906219105848694,0.48756676081671996,0.3124332391832801,0.4814291665090145,0.3188300078055251,-0.8183809422123357,-0.7598091528200439,-0.058571789392291795,-0.7801031753648984,-17.355288997917878,53,19,0.40380571115070146,-0.20322127972162715
1.19,3.0707650868022367,-0.30415459637537834,0.48756676081671996,0.3124332391832801,0.48097377481981995,0.3194797181672431,-0.8183809422123357,-0.7546451245447519,-0.06373581766758385,-0.8349698809298076,-17.473109164310305,54,19,0.40612113508417413,-0.20648523967086535
1.2,3.0505636970328953,-0.27653754544538117,0.48768528026453495,0.3123147197354651,0.48063069875790043,0.32000242632041853,-0.8194886006031303,-0.750599403913467,-0.06888919668966331,-0.8819060722040319,-17.606552094356914,54,18,0.4084124053944489,-0.20976733427450384
1.21,3.0323709334951907,-0.2468455381610966,0.48768528026453495,0.3123147197354651,0.48039551591833063,0.32040836837594533,-0.8194886006031303,-0.7476034931887163,-0.071885107414414,-0.9048010465446151,-17.689799773908103,54,18,0.4106794775514054,-0.21306724825065823
1.22,3.01631275565207,-0.2155710763713787,0.4878377657668016,0.31216223423319844,0.4802372505834952,0.3207345873186196,-0.8209136987551552,-0.7453395479667086,-0.07557415078844654,-0.9266033280717445,-17.79806942793762,54,18,0.41292229549978376,-0.21638471419472247
1.23,3.0024840989357666,-0.1831474244360531,0.4878377657668016,0.31216223423319844,0.4801598347252716,0.3209831841872631,-0.8209136987551552,-0.7438161240093853,-0.07709757474576984,-0.9264479109437342,-17.848572923273824,54,18,0.4151407976397925,-0.21971950777467683
1.24,2.9909532480871954,-0.14988131747545758,0.48801325225507797,0.3119867477449221,0.48013231386728117,0.32119082636440743,-0.8225537593932516,-0.7427172313218396,-0.07983652807141195,-0.9315575811907472,-17.933264180924038,54,18,0.4173349184189189,-0.22307144446591667
1.25,2.9817697437998274,-0.1160476753516517,0.48801325225507797,0.3119867477449221,0.48016572310259636,0.3213515986062074,-0.8225537593932516,-0.74212207708593,-0.08043168230732156,-0.9176633408855245,-17.95750234114886,54,18,0.4195045922638994,-0.2264403732724016
1.26,2.9749666721049484,-0.08181542930178556,0.4882046096006013,0.31179539039939874,0.48023011505071894,0.3214997254708734,-0.8243421458000123,-0.7417307924291848,-0.08261135337082748,-0.9147088524171083,-18.024327982390513,54,18,0.421649752331263,-0.2298261725185854
1.27,2.9705672451482608,-0.04734861487210697,0.4882046096006013,0.31179539039939874,0.48034197859191363,0.3216219358764061,-0.8243421458000123,-0.7416824425958294,-0.08265970320418292,-0.8958634150780262,-18.03060306445125,54,18,0.4237703324744422,-0.23322874233013896
1.28,2.968585137569185,-0.012725693407525428,0.4884075415697242,0.31159245843027583,0.4804723186212243,0.32174920788408845,-0.8262387062591046,-0.7416967791454944,-0.0845419271136102,-0.8927784111376966,-18.086897403367878,54,18,0.4258662637109237,-0.23664799962090036
1.29,2.9690297373495014,0.021956066494433994,0.4884075415697242,0.31159245843027583,0.4806414694047183,0.32186182792277984,-0.8262387062591046,-0.7419609415043856,-0.08427776475471893,-0.8765240571400226,-18.08358346700498,54,18,0.4279374747511089,-0.24008386974201323
1.3,2.971903549719413,0.05648747080489758,0.5098075415697242,0.29019245843027586,0.4811570301289627,0.32165138086555667,-1.0262387062591045,-0.7453535012308691,-0.28088520502823544,-2.5801586795073534,-24.106236246585198,55,12,0.42998388590198944,-0.24353628170831532
1.31,2.9768610915600076,0.07986235306152671,0.5098075415697242,0.29019245843027586,0.4845522122521412,0.3185823843706803,-1.0262387062591045,-0.7755599433713125,-0.250678762887792,-2.550537732329662,-24.27020810109903,55,12,0.43200511036640016,-0.24700533295361524
1.32,2.9828192606887995,0.08681293828760256,0.5125084185544535,0.28749158144554654,0.48775186832129813,0.31572629874716396,-1.0514805472378832,-0.8038578017482908,-0.2476227454895924,-2.5136819844519023,-25.006691316026384,55,11,0.4340001079717856,-0.2504914680121495
1.33,2.988642187111439,0.07750233468846321,0.5125084185544535,0.28749158144554654,0.4910018228619824,0.3128322905322271,-1.0514805472378832,-0.8325679080829687,-0.21891263915491455,-2.28321267074503,-24.89973453506815,55,11,0.43596776791401864,-0.2539951161962593
1.34,2.993218511595021,0.0530454628814915,0.5124869934901262,0.2875130065098739,0.49388426078871206,0.31031199103822105,-1.0512803129918333,-0.857814344628463,-0.19346596836337038,-2.0538839769342454,-24.709632222624478,55,11,0.43790697323264777,-0.25751664576052824
1.35,2.9955612240549203,0.015448812902379316,0.5124869934901262,0.2875130065098739,0.49639121236474526,0.3081662055802208,-1.0512803129918333,-0.8795561064697407,-0.17172420652209264,-1.8624270427498533,-24.490806479743398,55,12,0.43981668747180763,-0.2610563108544242
1.36,2.994822398458229,-0.033167943417817716,0.4910869934901262,0.30891300650987386,0.4982025847184277,0.3067071163447228,-0.8512803129918334,-0.8948386372603033,0.04355832426846995,0.010007042177968134,-18.234955890720936,54,18,0.4416959689597758,-0.2646142430188588
1.37,2.990634326687555,-0.07997514481728288,0.4910869934901262,0.30891300650987386,0.49681077530004436,0.30843393497148264,-0.8512803129918334,-0.8802656090119707,0.02898529602013733,0.10908502910646256,-17.846132986487326,54,18,0.443544276519016,-0.2681902953382565
1.38,2.983489268982949,-0.11807326433220587,0.48812346387751204,0.311876536122488,0.4953184696832812,0.3102353927050795,-0.8235837745561868,-0.8648741914869238,0.041290416930736984,0.18427506459304926,-16.83114586614395,53,19,0.4453618166593017,-0.2717838828229132
1.39,2.97404253559958,-0.14607810621744344,0.48812346387751204,0.311876536122488,0.49348217853534404,0.3123465027185228,-0.8235837745561868,-0.846428391667389,0.022844617111202226,0.010135426724110497,-16.758681767984623,53,19,0.44714893423915114,-0.27539431777248463
1.4,2.9630242344552187,-0.16384844713284236,0.4879583771680186,0.31204162283198145,0.49178750863338716,0.3142735887153242,-0.822040908112323,-0.8295042986825374,0.00746339057021439,-0.18111786190147922,-16.749496215945765,53,19,0.4489060374705645,-0.279020853865547
1.41,2.9511178626120227,-0.17233707729691025,0.4879583771680186,0.31204162283198145,0.49025116166871285,0.3159925750189304,-0.822040908112323,-0.8142924609802921,-0.007748447132030933,-0.37547959215261995,-16.85231627656408,53,19,0.45063349169902395,-0.2826627422565362
1.42,2.9389342522420625,-0.17267796469018656,0.4879033986633854,0.31209660133661465,0.4889067617427082,0.3174634265721096,-0.8215270903120131,-0.8011370802364421,-0.020390010075570952,-0.552308313532119,-16.9793388611206,53,19,0.45233159795790057,-0.2863192443064904
1.43,2.92700145184476,-0.16605636006511812,0.4879033986633854,0.31209660133661465,0.4877431913367254,0.31869204916292293,-0.8215270903120131,-0.7899586082887963,-0.031568482023216826,-0.7160175471991247,-17.140891712419847,53,19,0.4540005859952244,-0.28998963804914063
1.44,2.9157654109074467,-0.1536327461598501,0.4879357153258824,0.3120642846741176,0.4867547622125288,0.3196803146592746,-0.8218291151951623,-0.780721717538571,-0.04110739765659133,-0.8640345894857353,-17.317624692990652,53,19,0.45564061730072025,-0.2936732210775394
1.45,2.905591900726497,-0.1365188492104126,0.4879357153258824,0.3120642846741176,0.48592607572647534,0.32044134947256403,-0.8218291151951623,-0.7732931133360341,-0.04853600185912821,-0.9900842076313516,-17.481898334724374,54,19,0.45725178942578754,-0.2973693139552089
1.46,2.8967722185680302,-0.11571237277722363,0.48803077369913195,0.3119692263008681,0.4852323219991033,0.32099933124853325,-0.8227175112068407,-0.7674438820120097,-0.05527362919483092,-1.104222432116294,-17.662629213836937,54,18,0.4588341438047686,-0.30107726297336285
1.47,2.8895305866744887,-0.09213094455858163,0.48803077369913195,0.3119692263008681,0.48466270091698677,0.32136610719094855,-0.8227175112068407,-0.7630681949814869,-0.05964931622535374,-1.1920237768510458,-17.803075792260557,54,18,0.460387675062978,-0.3047964429503845
1.48,2.8840309889561273,-0.06654618943304003,0.48816681722149335,0.3118331827785067,0.48418454138266953,0.3215770560621468,-0.8239889459952646,-0.7598480622454334,-0.06414088374983118,-1.2719469860222161,-17.964477628274565,54,18,0.46191233961290507,-0.30852626072681916
1.49,2.8803866467216848,-0.03964998516114633,0.48816681722149335,0.3118331827785067,0.4837945372596805,0.3216397760082376,-0.8239889459952646,-0.7577325292123499,-0.06625641678291472,-1.3241644480384709,-18.070586242523852,54,18,0.4634080663704781,-0.3122661578420238
1.5,2.8786662262736753,-0.01198592116210106,0.4883265693450709,0.31167343065492914,0.48345855606789157,0.3215941448618541,-0.8254819564959893,-0.7563757532992404,-0.06910620319674887,-1.3723054919116624,-18.202506958481248,54,18,0.46487476403807715,-0.31601561438539
1.51,2.878903540206888,0.015967878966446025,0.4883265693450709,0.31167343065492914,0.48318088795867414,0.3214428901145781,-0.8254819564959893,-0.7557850366546542,-0.06969691984133508,-1.3934818963220295,-18.272643964449486,54,18,0.46631233113138243,-0.3197741511819686
1.52,2.881101128523656,0.043688716089228384,0.5097265693450709,0.29027343065492917,0.48326614875059515,0.3208894613386959,-1.0254819564959894,-0.7587695673453237,-0.26671238915066564,-3.117772326965029,-24.353986737665416,55,12,0.46772065975826294,-0.32354133359361725
1.53,2.884893007501741,0.0599201192483631,0.5097265693450709,0.29027343065492917,0.48624034290649204,0.3174167073338566,-1.0254819564959894,-0.7888954933300723,-0.23658646316591714,-3.0919727724375425,-24.56121067308438,55,11,0.46909931844619945,-0.3273168907802843
1.54,2.8891615411828084,0.059216297896266305,0.5124642028502551,0.287535797149745,0.48902361035304104,0.3141138435480046,-1.051067316357524,-0.8173353589020396,-0.23373195745548436,-3.0458589600673047,-25.335781249760032,55,11,0.4704471871517313,-0.3311008381163381
1.55,2.8927293900109254,0.041611493250395294,0.5124642028502551,0.287535797149745,0.4918627656179765,0.31074361169204057,-1.051067316357524,-0.8463511865697941,-0.2047161297877298,-2.788289670618731,-25.24173242905274,55,11,0.4717631017811834,-0.33489322950991257
1.56,2.894441014635828,0.008163644516748867,0.5124267800582842,0.28757321994171575,0.4943328655913557,0.3077404061956803,-1.0507175706381706,-0.8719273803536229,-0.17879019028454768,-2.516844810212285,-25.045400264148263,55,11,0.47304592908305604,-0.33869412916849184
1.57,2.893267730831345,-0.039102880775902876,0.5124267800582842,0.28757321994171575,0.49642408091513746,0.3051231036077561,-1.0507175706381706,-0.8939298005017823,-0.15678777013638834,-2.2730956332116934,-24.81139909697259,55,11,0.4742946646243742,-0.3425035778562663
1.58,2.8883257413864842,-0.09800683628596404,0.49102678005828426,0.3089732199417158,0.4978202398405973,0.30321623695140054,-0.8507175706381707,-0.909364499482228,0.05864692884405731,-0.3391669279043783,-18.528736175826875,54,17,0.47550844893636546,-0.3463215885944277
1.59,2.879216897089781,-0.15562229850937376,0.49102678005828426,0.3089732199417158,0.4960166555544125,0.30453191422409626,-0.8507175706381707,-0.8947885108893283,0.04407094025115765,-0.17150727203716135,-18.10316126361475,54,18,0.47668689229612066,-0.35014804774603014
1.6,2.86640612955494,-0.20491956345695567,0.4877502440763451,0.31224975592365495,0.4941149043610168,0.3059748228096224,-0.8200957390312624,-0.879159259585955,0.05906352055469255,0.0020346770915728174,-16.955188828857796,53,19,0.4778304385005859,-0.35398261797176256
1.61,2.850532975054327,-0.24420227795472524,0.4877502440763451,0.31224975592365495,0.49183893316191074,0.3078259491411499,-0.8200957390312624,-0.8598737571063592,0.03977801807509673,-0.0970469256948891,-16.829409012789483,53,19,0.4789397092527957,-0.3578249531278238
1.62,2.8323304843595345,-0.27308576225869635,0.4875024558894578,0.31249754411054226,0.48972352816336495,0.3095539878018525,-0.8177799615837176,-0.8419137400070678,0.024133778423350183,-0.21033623193696854,-16.742480663931254,53,19,0.480015424522798,-0.3616747194109644
1.63,2.812496341492271,-0.292330046052786,0.4875024558894578,0.31249754411054226,0.4877816827764618,0.31114790632912864,-0.8177799615837176,-0.8253914787258559,0.007611517142138369,-0.3359541908581737,-16.789984998773644,53,19,0.4810582758371953,-0.365531624777058
1.64,2.791667423119969,-0.30290202600657795,0.48736650856139996,0.3126334914386001,0.4860629973759218,0.3125585352427101,-0.8165094258074761,-0.8107685146411762,-0.0057409111662999335,-0.4430995799744176,-16.840753186840583,53,19,0.48206889848061174,-0.36939541662629144
1.65,2.7704084740956176,-0.3058132670098647,0.48736650856139996,0.3126334914386001,0.4845514745024663,0.31380081977570373,-0.8165094258074761,-0.7979002557325355,-0.018609170074940562,-0.5502924191888567,-16.951287270782377,53,19,0.4830478575506415,-0.37326587504937464
1.66,2.7492136323403336,-0.30208546579520024,0.4873240058589372,0.31267599414106284,0.48325574172178953,0.31486369903556877,-0.8161122042891328,-0.7868787041412187,-0.029233500147914038,-0.6449511654668407,-17.0610379552759,53,19,0.48399564690100183,-0.37714280293474783
1.67,2.72850622711249,-0.29269681952811044,0.4873240058589372,0.31267599414106284,0.48215454482593106,0.31576476580370044,-0.8161122042891328,-0.7775223318795823,-0.038589872409550474,-0.7333242126655928,-17.184903700757317,53,19,0.4849126869825941,-0.3810260171699544
1.68,2.708644370134499,-0.2785530321238627,0.48735420567829246,0.3126457943217076,0.4812347667958662,0.316512445557685,-0.8163944455915183,-0.7697304730756133,-0.04666397251590504,-0.8159692346255835,-17.314665802081482,53,19,0.4857993289046431,-0.38491533941924294
1.69,2.6899254754017266,-0.26049474213814783,0.48735420567829246,0.3126457943217076,0.48047888485324386,0.31711877472389594,-0.8163944455915183,-0.7633650006044297,-0.053029444987088614,-0.8886425314546357,-17.430124664957212,53,18,0.48665585806143685,-0.3888105884223302
1.7,2.672592185398028,-0.23926024682064093,0.48743807151735064,0.3125619284826494,0.47986255640709147,0.317602078309104,-0.8171782384799123,-0.758226533168166,-0.058951705311746316,-0.9611710766417526,-17.561036260801064,53,18,0.48748249970215407,-0.3927115734189149
1.71,2.6568385935818966,-0.21552905140239675,0.48743807151735064,0.3125619284826494,0.4793751002017937,0.3179667705156229,-0.8171782384799123,-0.7542445312437888,-0.06293370723612357,-1.0211050236888992,-17.660063261877696,54,18,0.488279425313463,-0.3966180890971348
1.72,2.6428150690527117,-0.1898731388889196,0.4875596120109699,0.3124403879890301,0.4789870173714077,0.31823612287825787,-0.8183141309436441,-0.7511724041735972,-0.06714172677004693,-1.0846021552972567,-17.783481431236005,54,18,0.48904675808491155,-0.40052991248290293
1.73,2.630634798106652,-0.16282133678151903,0.4875596120109699,0.3124403879890301,0.4786949081835135,0.31840763311660764,-0.8183141309436441,-0.7490059582565696,-0.06930817268707457,-1.133234665670133,-17.864239013727126,54,18,0.4897845804181137,-0.4044468011361904
1.74,2.6203771668316533,-0.13479988458465236,0.48770602705970073,0.3122939729402993,0.47846763387757396,0.3185071344186734,-0.8196824958850535,-0.7474789694341145,-0.07220352645093897,-1.1873308150997253,-17.976257992558136,54,18,0.49049293860414167,-0.40836849357178007
1.75,2.612094084070249,-0.10620798159047666,0.48770602705970073,0.3122939729402993,0.47830835754303935,0.3185270008810084,-0.8196824958850535,-0.7466418535608922,-0.0730406423241613,-1.224458794644105,-18.03911481572473,54,18,0.4911718505505679,-0.4122947106189077
1.76,2.6058120753503844,-0.07735004262121682,0.4878674036055583,0.31213259639444174,0.47818633296425217,0.31849457078325594,-0.8211906879024138,-0.7462231877616646,-0.07496750014074915,-1.2675753699079664,-18.137701099719216,54,18,0.4918213094098268,-0.4162251588921871
1.77,2.60153825184658,-0.048516472972706795,0.4878674036055583,0.31213259639444174,0.47811017588008575,0.3183990451385966,-0.8211906879024138,-0.7463136950536875,-0.07487699284872629,-1.2918977872045108,-18.183389023436483,54,18,0.4924412909816104,-0.42015953472035356
1.78,2.5992614298801553,-0.019910535457100816,0.48803631911106937,0.3119636808889307,0.4780507021974419,0.31826877045734575,-0.8227693374866296,-0.7466445408415706,-0.076124796645059,-1.321937742810637,-18.267153717231707,54,18,0.4930317562019814,-0.42409752978876436
1.79,2.5989577571175957,0.008269183560417729,0.48803631911106937,0.3119636808889307,0.4780208469227727,0.3180913872661517,-0.8227693374866296,-0.74733392362907,-0.07543541385755959,-1.3318738662154423,-18.296197486106717,54,18,0.493592657866561,-0.4280388366870091
1.8,2.6005911562704727,0.03590448660749762,0.48820749563963545,0.3117925043603646,0.4779936326057177,0.31789587290086574,-0.8243691181274341,-0.7481203724525791,-0.07624874567485496,-1.3470450389584467,-18.36413301063231,54,17,0.49412394195308357,-0.4319831555953546
1.81,2.604118632222659,0.0628753646934986,0.48820749563963545,0.3117925043603646,0.47798530541790313,0.3176693598684785,-0.8243691181274341,-0.7491399324739471,-0.07522918565348702,-1.3415589839749367,-18.376962215975098,54,17,0.4946255534261577,-0.4359302003058266
1.82,2.609490244996321,0.08913599084334431,0.4883775298785824,0.31162247012141764,0.4779713772861406,0.31744099290602645,-0.8259582231643212,-0.7501419830846452,-0.07581624007967602,-1.341108919762968,-18.428660212527262,54,17,0.4950974364009745,-0.43987970473540555
1.83,2.616654079745016,0.11463370837197881,0.4883775298785824,0.31162247012141764,0.4779705582275554,0.31719784420806085,-0.8259582231643212,-0.7512743645770773,-0.07468385858724391,-1.3203589312762776,-18.425999187506555,54,17,0.49553953889116925,-0.44383142824951854
1.84,2.625554592360764,0.13920334686796607,0.5097775298785824,0.29022247012141766,0.47829773405850645,0.31663173720815424,-1.0259582231643212,-0.7554485834128607,-0.2705096397514605,-3.009011946450414,-24.444257745993987,55,11,0.4959518106203161,-0.4477851609855385
1.85,2.6357948073792863,0.15188623120959507,0.5097775298785824,0.29022247012141766,0.48148909245481225,0.3132138832266345,-1.0259582231643212,-0.7863327534026996,-0.23962546976162158,-2.9529880338860974,-24.597414802053294,55,11,0.49633386584667427,-0.4517407598268612
1.86,2.6462528334873894,0.14747983697249598,0.5124740953462843,0.28752590465371575,0.4844727856844775,0.31002395141515426,-1.0511597695914416,-0.8151814685482393,-0.2359783010432024,-2.877894082224939,-25.31449647100575,55,11,0.4966845993283125,-0.45569817551701935
1.87,2.6557622941424555,0.12623535652850273,0.5124740953462843,0.28752590465371575,0.48749797612933654,0.30682073577087876,-1.0511597695914416,-0.8442861698993357,-0.20687359969210595,-2.5984719533011775,-25.18141588105747,55,11,0.4970028612811503,-0.45965737601149165
1.88,2.6631902813932333,0.08937670701792003,0.5124341337175045,0.2875658662824956,0.4901515405521901,0.304025153923297,-1.0507862964252752,-0.8697494702284724,-0.18103682619680284,-2.3085746224067116,-24.951988865290392,55,11,0.4972875337722258,-0.46361833821901044
1.89,2.667537235519071,0.03904907344799521,0.5124341337175045,0.2875658662824956,0.49242817297294905,0.30164984886433777,-1.0507862964252752,-0.8914874958346324,-0.15929880059064283,-2.0491930425969427,-24.691206170061566,55,11,0.4975376292178892,-0.4675810402234695
1.9,2.667952488884058,-0.022474208304538685,0.4910341337175045,0.30896586628249556,0.49401575080421234,0.30001353997041,-0.8507862964252753,-0.9065523870738427,0.05576609064856741,-0.1018582610121122,-18.386512407249352,54,17,0.49775230495593314,-0.4715454611224851
1.91,2.664070473846381,-0.082198592153225,0.4910341337175045,0.30896586628249556,0.4924123165022122,0.3016237816157358,-0.8507862964252753,-0.89153520974989,0.04074891332461472,0.07731935965878167,-17.94288847004183,54,18,0.4979311982576988,-0.4755115667080754
1.92,2.6563847921717145,-0.13304408750941396,0.487768892966573,0.31223110703342705,0.49072154863068274,0.30338126519876496,-0.8202700277249813,-0.8754218851958776,0.05515185747089635,0.25980207251631016,-16.783389502707003,53,19,0.49807479979928343,-0.4794793064285631
1.93,2.6455656068803677,-0.17328437840164956,0.487768892966573,0.31223110703342705,0.4886699880778955,0.3055624073635268,-0.8202700277249813,-0.8556429005344335,0.03537287280945223,0.16904652286927785,-16.64580696753465,53,19,0.498183771321368,-0.4834486559963754
1.94,2.632378623134968,-0.2025134895806741,0.4875264695989762,0.3124735304010238,0.4867915674281903,0.30763468342249634,-0.8180043887754783,-0.8371817009611868,0.019177312185708506,0.0623133056706785,-16.55088566730928,53,19,0.49825886368773376,-0.4874196173413478
1.95,2.617556969293862,-0.2214786482325412,0.4875264695989762,0.3124735304010238,0.4851001328720955,0.3095840218297834,-0.8180043887754783,-0.8201687431883744,0.0021643544128960857,-0.05776668155570458,-16.590948835956883,53,19,0.49830078801221095,-0.4913922147038717
1.96,2.601775345022783,-0.23114008580888787,0.487403499075698,0.312596500924302,0.48364458441701397,0.3113596372055545,-0.8168551315485794,-0.8050698467825211,-0.011785284766058224,-0.1618409614898378,-16.639693110619536,53,19,0.49831018934365845,-0.49536648480191214
1.97,2.585638207029524,-0.23251384071260853,0.487403499075698,0.312596500924302,0.48241003202446164,0.3129729054566024,-0.8168551315485794,-0.7917622736815851,-0.025092857866994223,-0.26645517875845026,-16.746282692293658,53,19,0.49828763482213356,-0.4993424660937033
1.98,2.569680574017811,-0.22662806928732698,0.4873819449726745,0.31261805502732554,0.4814028886064225,0.31441235909506055,-0.8166536913334065,-0.7803295771558968,-0.03632411417750969,-0.361704819069974,-16.859422917083332,53,19,0.498233614899528,-0.503320188153534
1.99,2.554367435049189,-0.21447865945987507,0.4873819449726745,0.31261805502732554,0.4806034865213614,0.3156912130477961,-0.8166536913334065,-0.770618100343763,-0.04603559098964349,-0.4506974013878288,-16.982379576420627,53,19,0.498148543585185,-0.5072996617622151
2.0,2.5400985333406956,-0.1969878017256042,0.48744108231262223,0.3125589176873778,0.4799950857166958,0.3168185477540877,-0.8172063767534786,-0.7625071867411597,-0.05469919001231893,-0.5378868209070047,-17.12064975332221,53,19,0.4980327644421457,-0.5112808700931039
2.01,2.527212641135279,-0.17502471719692572,0.48744108231262223,0.3125589176873778,0.47956236241270156,0.31780105379893353,-0.8172063767534786,-0.7558939654848972,-0.061312411268581446,-0.6146888237500439,-17.238064796331262,53,19,0.49788655638706336,-0.5152637612447691
2.02,2.515992596511269,-0.14935257138784197,0.4875616039238695,0.31243839607613055,0.47927604468477997,0.318658663318718,-0.8183327469520514,-0.7505485110563643,-0.06778423589568705,-0.6959930471051909,-17.38245190378791,53,19,0.4977101404890677,-0.5192482423353828
2.03,2.506671438671445,-0.12068906726586034,0.4875616039238695,0.31243839607613055,0.47912832060935645,0.3193894328698114,-0.8183327469520514,-0.7464434006520795,-0.0718893462999719,-0.7638240224847165,-17.48628518299549,54,19,0.4975036880187403,-0.5232341753318697
2.04,2.4994362618177477,-0.08963857945943328,0.48772697593017333,0.3122730240698267,0.47908356183995926,0.3200191243683561,-0.8198782797212459,-0.7432917638859963,-0.07658651583524967,-0.8404802390985948,-17.62801090556422,54,18,0.4972673262802234,-0.5272213745553662
2.05,2.4944348331579485,-0.05677690772673428,0.48772697593017333,0.3122730240698267,0.4791419098097955,0.320537925888098,-0.8198782797212459,-0.7411401117836331,-0.07873816793761279,-0.9008858791983052,-17.716440732900143,54,18,0.4970011471755027,-0.5312096061060527
2.06,2.4917779341109836,-0.022569591918310483,0.48792358569425365,0.3120764143057464,0.4792650207135025,0.3209750050627609,-0.8217157541519032,-0.7396729703305686,-0.08204278382133467,-0.9724669989680657,-17.85136779931377,54,18,0.496705211381061,-0.535198588796935
2.07,2.49154593111068,0.012529294800409494,0.48792358569425365,0.3120764143057464,0.4794602309649529,0.3213146226219728,-0.8217157541519032,-0.7389981698270097,-0.08271758432489351,-1.02513349333454,-17.924711304158297,54,18,0.49637955654619986,-0.5391879969927248
2.08,2.493789782055247,0.04816988773582111,0.48814044391127775,0.3118595560887223,0.4796886694804391,0.32158826966254617,-0.8237424664605393,-0.7387869150368829,-0.0849555514236564,-1.0897452418835853,-18.05039737319278,54,18,0.49602419966843475,-0.5431774645556645
2.09,2.4985374343022695,0.08400021720824094,0.48814044391127775,0.3118595560887223,0.4799636878649408,0.3217764486253707,-0.8237424664605393,-0.7391927067269629,-0.08454975973357637,-1.133012130094609,-18.109201044326568,54,18,0.4956391445132823,-0.5471665904960834
2.1,2.5057938458389772,0.11976655477712078,0.4883688112472364,0.31163118875276363,0.4802472516651552,0.32191244728985907,-0.8258767406283775,-0.7398822634359632,-0.08599447719241426,-1.1879742281134034,-18.223628200294968,54,18,0.49522438230512283,-0.5511549451459911
2.11,2.515547228906762,0.15520375457239688,0.4883688112472364,0.31163118875276363,0.4805575029576542,0.3219748896986784,-0.8258767406283775,-0.7410402488737187,-0.0848364917546588,-1.2196601405122722,-18.26806566136346,54,18,0.49477989821443247,-0.5551420776860944
2.12,2.5277671638208163,0.18995988975222333,0.5097688112472364,0.29023118875276366,0.4811939704082344,0.32166258397774694,-1.0258767406283775,-0.7454737683667638,-0.2804029722616137,-2.96100334241273,-24.33304146855334,55,12,0.49430566935134923,-0.559127523344509
2.13,2.542065833493057,0.21291742095191973,0.5097688112472364,0.29023118875276366,0.4846863720898783,0.31844571992826254,-1.0258767406283775,-0.7768254773907278,-0.2490512632376497,-2.9576123775316145,-24.532386853460803,55,12,0.49380132823681105,-0.5631107678048828
2.14,2.5573105892682095,0.21872466473392366,0.5125072899791736,0.28749271002082644,0.487957783293979,0.3154026444500245,-1.0514699998053607,-0.8063324245044599,-0.24513757530090086,-2.9374246938690645,-25.306566412296394,55,11,0.4932657791973861,-0.5670911934820997
2.15,2.5723108666859846,0.2074725525683241,0.5125072899791736,0.28749271002082644,0.4912572724684087,0.312287114073646,-1.0514699998053607,-0.8363091513773958,-0.2151608484279649,-2.70736122636026,-25.217695918024454,55,11,0.49269788055492053,-0.5710681602138256
2.16,2.585897574502543,0.18024679901143079,0.5124867622327132,0.28751323776728693,0.4941615312137628,0.30952650310768653,-1.051278151707599,-0.8627805051685804,-0.18849764653901868,-2.464772969658659,-25.035567097372834,55,11,0.4920965224895284,-0.5750410207906252
2.17,2.597026864399437,0.13906992253557962,0.5124867622327132,0.28751323776728693,0.4966636982839053,0.30713277375188214,-1.051278151707599,-0.8856585258505755,-0.1656196258570236,-2.247066578365631,-24.813900570274456,55,11,0.4914607283764541,-0.5790091427264922
2.18,2.604797496211363,0.08611164235851178,0.49108676223271314,0.3089132377672869,0.49844574651439283,0.3054298471748295,-0.8512781517075991,-0.9019434548577724,0.05066530315017326,-0.3363441287905807,-18.544757181185574,55,18,0.4907896701237785,-0.582971919041265
2.19,2.6087936074807008,0.03428377033476438,0.49108676223271314,0.3089132377672869,0.49700332840289346,0.3069284890830291,-0.8512781517075991,-0.888200183737684,0.03692203203008482,-0.18829332447605873,-18.13267330735386,54,18,0.49008300350121975,-0.586928836657857
2.2,2.6094651204131085,-0.009402986455656324,0.48809881954907286,0.3119011804509272,0.49544290925983087,0.30852889109829046,-0.8233534537296529,-0.8734299914090673,0.050076537679414446,-0.05324110295515394,-17.078416760468482,53,19,0.4893412379168923,-0.590879564220721
2.21,2.607433206608783,-0.0434160627510419,0.48809881954907286,0.3119011804509272,0.49352301025659084,0.3104791364542827,-0.8233534537296529,-0.8553452046836829,0.03199175095403006,-0.16267328623136001,-16.965407787575018,53,19,0.48856504795421035,-0.5948238485148232
2.22,2.6034039228032384,-0.06745238170996974,0.4879101782686749,0.31208982173132516,0.4917378613199186,0.31229126110094696,-0.8215904511091108,-0.8385355150419237,0.01694506393281292,-0.28313319345377663,-16.902768160445564,53,19,0.48775518631410286,-0.5987615015765441
2.23,2.5980477989690147,-0.08228451772734995,0.4879101782686749,0.31208982173132516,0.49010722260707007,0.3139511623078045,-0.8215904511091108,-0.8231591602769417,0.0015687091678309173,-0.406688150923838,-16.95393030950324,53,19,0.48691236451872005,-0.6026923753358758
2.24,2.591975100057111,-0.08886468092813427,0.48782881674850004,0.3121711832515,0.4886736220317622,0.3154211175069394,-0.8208300630700937,-0.8095911426393589,-0.011238920430734711,-0.51155208426265,-17.019263468311255,53,19,0.48603722843537583,-0.6066163508547447
2.25,2.5857259504068093,-0.0881891464365409,0.48782881674850004,0.3121711832515,0.4874286291363685,0.3167133022961441,-0.8208300630700937,-0.7977351721505813,-0.023094890919512334,-0.6087520103859658,-17.125642118193657,53,19,0.485130348969462,-0.6105333288945832
2.26,2.5797715191796184,-0.08124179440410914,0.4878365261891256,0.31216347381087445,0.4863753975503676,0.31782708324020614,-0.8209021139170616,-0.7876089453745867,-0.03329316854247488,-0.6943944177781289,-17.241778626527516,53,19,0.4841922240871334,-0.6144432219015852
2.27,2.5745151088015916,-0.06896534544881665,0.4878365261891256,0.31216347381087445,0.48550049342689267,0.31877707432521935,-0.8209021139170616,-0.7790813976713707,-0.04182071624569084,-0.7681876774955299,-17.355579668744372,53,19,0.48322328120883046,-0.6183459454895663
2.28,2.570297326085609,-0.052212908677958,0.4879132603997663,0.31208673960023375,0.48478644845162944,0.31958052285454386,-0.8216192560725819,-0.7719903065284375,-0.04962894954414443,-0.839005509274534,-17.48610918127919,54,19,0.4822238839915831,-0.6222414107108694
2.29,2.567401625234112,-0.031779144475440654,0.4879132603997663,0.31208673960023375,0.4842234694245563,0.3202455951416344,-0.8216192560725819,-0.766251748985616,-0.05536750708696592,-0.8967592506139368,-17.588392288119103,54,19,0.48119433981436294,-0.6261295166139438
2.3,2.566059597451592,-0.008345431930978328,0.48804098330835355,0.3119590166916465,0.48378348180429426,0.320797384850604,-0.8228129281154533,-0.7616172754845341,-0.061195652630919195,-0.95918089091258,-17.71787413021375,54,18,0.4801349072837314,-0.6300101432152045
2.31,2.5664578412173364,0.017453791377182618,0.48804098330835355,0.3119590166916465,0.4834631468702206,0.32123500244566633,-0.8228129281154533,-0.7580754412362349,-0.06473748687921832,-1.0083377220117264,-17.803996131477426,54,18,0.4790458054417649,-0.6338831456199991
2.32,2.5687418307316663,0.04509634624843241,0.488204763907977,0.31179523609202303,0.4832293230458966,0.32158627126760053,-0.8243435879250187,-0.7553413634499817,-0.06900222447503701,-1.0678550559489672,-17.92756837748789,54,18,0.47792722014861205,-0.6377483483452616
2.33,2.5730226912230068,0.07408603691728721,0.488204763907977,0.31179523609202303,0.48308531068154653,0.321841685092721,-0.8243435879250187,-0.7534748859290914,-0.07086870199592732,-1.1138473339005404,-17.999152101695444,54,18,0.47677931323315703,-0.6416055415977004
2.34,2.579379279100332,0.10402864474333748,0.48839265413000144,0.3116073458699986,0.48299593333263036,0.3220295665991888,-0.8260995713084243,-0.7521792838011289,-0.0739202875072954,-1.173650673340453,-18.11643501287334,54,18,0.47560222698432514,-0.6454544776086738
2.35,2.5878643728247086,0.13453539691871474,0.48839265413000144,0.3116073458699986,0.4829702142700596,0.32213365905569014,-0.8260995713084243,-0.7515726879176141,-0.07452688339081015,-1.2191281201718962,-18.176840096615845,54,18,0.4743960923360124,-0.6492948695780426
2.36,2.598503911930084,0.1651278696843498,0.5097926541300014,0.29020734586999863,0.48330895382211003,0.32184583560425006,-1.0260995713084242,-0.7545005524199061,-0.2715990188885181,-2.9808540955862735,-24.26076259489471,55,12,0.47316103004776155,-0.6531263901142095
2.37,2.6109563142302687,0.18455356986846233,0.5097926541300014,0.29020734586999863,0.4865371901819977,0.3186339327690303,-1.0260995713084242,-0.7845946608082592,-0.24150491050016498,-3.004051584906076,-24.48235843232572,55,12,0.4718968289132938,-0.6569485638504662
2.38,2.6241243818351294,0.18732712767094586,0.5124993995931055,0.28750060040689446,0.4895725879874641,0.3155736528436092,-1.051396257879491,-0.8130791361862377,-0.23831712169325336,-3.013782727974558,-25.273343683372016,55,11,0.47060258231655805,-0.6607606351192677
2.39,2.636844975091379,0.17342121752206485,0.5124993995931055,0.28750060040689446,0.49265541150900927,0.31241886738255864,-1.051396257879491,-0.8422268417123864,-0.20916941616710472,-2.8213930505734783,-25.213444168223038,55,11,0.4692773477170159,-0.6645617754727311
2.4,2.647969076604132,0.14379331114185986,0.512473528612778,0.2875264713872221,0.4953617817848466,0.30958861203211485,-1.051154473016616,-0.8680989240781859,-0.18305554893843012,-2.6205309556855756,-25.062279446293513,55,11,0.46792022306015324,-0.668351112578914
2.41,2.6564646732959742,0.10032897385484936,0.512473528612778,0.2875264713872221,0.4976792183632538,0.3070917625105264,-1.051154473016616,-0.8905955880968571,-0.1605588849197589,-2.4477744255106098,-24.875903620450295,55,11,0.46653044288538464,-0.6721277712932494
2.42,2.6614340377735917,0.045058957566131846,0.4910735286127779,0.3089264713872221,0.49928550864857507,0.30524834046617494,-0.8511544730166161,-0.9067157391700942,0.05556126615347812,-0.5832952790114307,-18.644141401503944,55,17,0.46510739215313296,-0.6758908896397327
2.43,2.662456613075797,-0.00924393355825551,0.4910735286127779,0.3089264713872221,0.4976715091290512,0.3065668382209995,-0.8511544730166161,-0.8930124808787463,0.04185800786213023,-0.48101828695131715,-18.270510767242747,54,18,0.4636509223101016,-0.6796397549076679
2.44,2.6599691603770226,-0.05570294084365871,0.48800707275207195,0.3119929272479281,0.49593790165346274,0.307947534329683,-0.8224960070287094,-0.8784596603914941,0.05596365336278475,-0.3831927760651989,-17.23250383540332,53,19,0.4621616961441821,-0.6833739670604672
2.45,2.6545716633914105,-0.09287191956384376,0.48800707275207195,0.3119929272479281,0.49382975052217665,0.30964795128136197,-0.8224960070287094,-0.8606626132748348,0.038166606246125445,-0.5322108781123003,-17.155903949879043,53,19,0.4606405308236626,-0.687093212183144
2.46,2.6469426854374887,-0.12054396143905002,0.48779101580929857,0.3122089841907015,0.4918486327499182,0.3111706821829937,-0.8204767832644724,-0.844289488630488,0.023812705366015652,-0.685182198654325,-17.120018974814922,53,19,0.4590883139273684,-0.6907972423456478
2.47,2.6377174427430585,-0.1395841720777268,0.48779101580929857,0.3122089841907015,0.490008289438262,0.31250763981804885,-0.8204767832644724,-0.8294422879449214,0.008965504680448988,-0.8361352442178738,-17.20192360146123,53,19,0.45750588643166173,-0.6944858365820622
2.48,2.6274641745978156,-0.15102714528089986,0.48767444331208665,0.3123255566879134,0.4883524394448311,0.3136220903123237,-0.8193873206737069,-0.8164969585631184,-0.0028903621105884625,-0.9571643184909179,-17.28340622904334,53,19,0.4558940176525451,-0.6981587958494829
2.49,2.6166752318243587,-0.15592135197583645,0.48767444331208665,0.3123255566879134,0.486867020387393,0.3145362117490222,-0.8193873206737069,-0.8052841525157513,-0.014103168157955648,-1.063586573810097,-17.409584414600314,53,18,0.4542533941016785,-0.7018159421988435
2.5,2.6057703392637785,-0.15528825491064002,0.4876371449907879,0.3123628550092121,0.4855588702261191,0.31525217163341623,-0.8190387382316627,-0.7958256943584244,-0.023213043873238304,-1.1446526574303868,-17.526100968087746,53,18,0.4525846197890041,-0.7054571216197565
2.51,2.595099031873525,-0.15007039002686964,0.4876371449907879,0.3123628550092121,0.4844094346385922,0.3157981466355234,-0.8190387382316627,-0.7879032149676114,-0.031135523264051335,-1.206527031630082,-17.644927924948927,53,18,0.4508882160889605,-0.7090822054493082
2.52,2.5849484177090476,-0.1411051787715999,0.48765822575543105,0.312341774244569,0.4834079091272468,0.31619488549419833,-0.8192357547236547,-0.7813692693133104,-0.03786648541034432,-1.2504061975708254,-17.756925340004713,54,18,0.44916462686905295,-0.7126910928454911
2.53,2.575550157220579,-0.12912973923243817,0.48765822575543105,0.312341774244569,0.4825398683269819,0.3164667732548183,-0.8192357547236547,-0.776042500337213,-0.043193254386441726,-1.2750125960654444,-17.847579081210817,54,18,0.447414223390024,-0.7162837118192347
2.54,2.567088603276082,-0.1147552634649794,0.4877201917363809,0.3122798082636191,0.4817869550267664,0.31664183538999235,-0.8198148760409433,-0.7717061665269815,-0.048108709513961734,-1.2895844169703932,-17.938999591541737,54,18,0.4456373108223857,-0.7198600196519489
2.55,2.5597088763898594,-0.0985042127359481,0.4877201917363809,0.3122798082636191,0.48114156705438854,0.31673675473149715,-0.8198148760409433,-0.7682467865555671,-0.05156808948537617,-1.2872238434752399,-17.997220411507122,54,18,0.4438341353266831,-0.723420002238035
2.56,2.553523543615385,-0.0807804689679049,0.4878100928008864,0.31218990719911366,0.4805829799037407,0.31678047401576853,-0.8206550729054801,-0.7654322705045429,-0.05522280240093724,-1.2823548595210355,-18.065286585524817,54,18,0.44200489054589986,-0.7269636718456248
2.57,2.548620073372581,-0.061924477143578224,0.4878100928008864,0.31218990719911366,0.48011041512609387,0.31678088391252335,-0.8206550729054801,-0.7632221084746285,-0.05743296443085166,-1.2638978739577245,-18.095342741582918,54,18,0.4401497254685139,-0.7304910643901605
2.58,2.5450653913533228,-0.04217735063102452,0.4879192443973542,0.31208075560264587,0.4797030628778033,0.3167645968787034,-0.8216751812836837,-0.7613947009303732,-0.06028048035331046,-1.2494968181254773,-18.144244535827248,54,18,0.43826875037333646,-0.734002234715676
2.59,2.542912004105905,-0.021745417220710814,0.4879192443973542,0.31208075560264587,0.47936584105009344,0.3167310316675455,-0.8216751812836837,-0.7599757447782614,-0.06169943650542231,-1.2248636578912273,-18.15406530459228,54,18,0.43636204478570306,-0.7374972521179274
2.6,2.5422003946643934,-0.0007575494999575111,0.48804233015905985,0.3119576698409402,0.47907847247020496,0.31670323251188703,-0.8228255155052319,-0.7587628035435418,-0.06406271196169011,-1.2096017672182635,-18.190911502207182,54,18,0.4344296626884662,-0.7409761938582037
2.61,2.5429636882782236,0.020665655153943058,0.48804233015905985,0.3119576698409402,0.47885013995531917,0.31667316675856855,-0.8228255155052319,-0.757836323349302,-0.06498919215592991,-1.186802350622948,-18.18913024041409,54,18,0.4324716401843423,-0.7444391397192458
2.62,2.5452281633434017,0.04246159284852952,0.48817633319583187,0.3118236668041682,0.4786608775553454,0.3166603440953521,-0.824077880334877,-0.7570118385980997,-0.06706604173677733,-1.1772833176209194,-18.221371682906373,54,18,0.4304879998498417,-0.747886164764718
2.63,2.549016651966308,0.06455426363182008,0.48817633319583187,0.3118236668041682,0.47852281186980916,0.3166506428283692,-0.824077880334877,-0.7564120048665418,-0.06766587546833525,-1.1618538005286654,-18.21558569576039,54,18,0.4284787578098492,-0.7513173339416058
2.64,2.5543475763980625,0.08691102657463955,0.48831954329605864,0.3116804567039414,0.478415768308335,0.31666082557536623,-0.8254162924865289,-0.7558642183783588,-0.0695520741081701,-1.1621465629019152,-18.249443423153902,54,18,0.42644392706725814,-0.7547326951798635
2.65,2.5612374286844064,0.10947007738586641,0.48831954329605864,0.3116804567039414,0.47835378234414083,0.31667219955555115,-0.8254162924865289,-0.7555214148999521,-0.06989487758657686,-1.1569176383469362,-18.245276705908264,54,18,0.42438352370762394,-0.758132275066102
2.66,2.5696975253700782,0.13202339152156364,0.5097195432960586,0.2902804567039414,0.47865313445993024,0.3163627961806796,-1.0254162924865289,-0.7583660667254702,-0.26705022576105863,-2.8736358049609283,-24.271620338390054,55,12,0.42229756792531187,-0.7615160726055139
2.67,2.5793932093671725,0.14353411535154112,0.5097195432960586,0.2902804567039414,0.4818466603492605,0.3131933102081995,-1.0254162924865289,-0.7880997670143034,-0.23731652547222548,-2.857062837859903,-24.442356199560436,55,11,0.4201857989936426,-0.7648838742748351
2.68,2.58925761554473,0.13869503834348565,0.51245277705773,0.2875472229422701,0.4848588468757543,0.31023227850251667,-1.0509605332498122,-0.816012001744101,-0.23494853150571116,-2.8344257782468305,-25.196410453424754,55,11,0.4180473577020839,-0.7682350359163969
2.69,2.5981693606203042,0.11761021501491212,0.51245277705773,0.2875472229422701,0.48793821012064087,0.307223991698799,-1.0509605332498122,-0.8444589645880465,-0.20650156866176572,-2.612808931718068,-25.0985482257948,55,11,0.41588136976991347,-0.7715688311641525
2.7,2.6050296471232226,0.08152735817662275,0.49105277705772993,0.3089472229422701,0.49032180555124816,0.30492427782421627,-0.8509605332498122,-0.8663435875094947,0.01538305425968245,-0.6724257554536557,-18.893106437158874,55,17,0.4136870134031954,-0.7748844923388993
2.71,2.609207236641307,0.04345746388271468,0.49105277705772993,0.3089472229422701,0.4894674577173476,0.3058685594258396,-0.8509605332498122,-0.8579387770631214,0.006978243813309137,-0.5024909535615429,-18.509058928676343,54,17,0.4114638889092676,-0.778181461558669
2.72,2.6109385091953805,0.01062110940583133,0.488158128660016,0.31184187133998403,0.48846121752413196,0.3069646653919338,-0.8239077444861306,-0.848114729589711,0.024206985103580436,-0.36145357358798647,-17.48850048671507,53,18,0.40921234030138653,-0.7814596324435547
2.73,2.610644246169962,-0.015239318443069742,0.488158128660016,0.31184187133998403,0.4870605503547717,0.3084498841088881,-0.8239077444861306,-0.8346292815228208,0.01072153703669021,-0.4648586762654507,-17.372461291748408,53,19,0.40693287750292717,-0.7847189870982064
2.74,2.6088444720881494,-0.033576357034021724,0.48801716569315506,0.311982834306845,0.48574093888606074,0.30984456508010405,-0.8225903335808881,-0.8219456719904518,-0.0006446615904363018,-0.5878679809322281,-17.31400250372035,53,19,0.40462610129367355,-0.7879595564892918
2.75,2.6060416322947244,-0.04492382002755522,0.48801716569315506,0.311982834306845,0.48452552356080825,0.31112263840331333,-0.8225903335808881,-0.8102938558761446,-0.012296477704743514,-0.7136342389700833,-17.353738270679987,53,19,0.4022926039973637,-0.7911813596757077
2.76,2.602694607337727,-0.05000280344021929,0.4879574050412173,0.3120425949587827,0.48345072298685376,0.31224610387083573,-0.8220318228151151,-0.8000215846542901,-0.022010238160825035,-0.8229614560867452,-17.412535360581224,53,19,0.39993294547584746,-0.7943843933529112
2.77,2.5992085530671556,-0.04959860018979173,0.4879574050412173,0.3120425949587827,0.4825127418863844,0.31321857799938446,-0.8220318228151151,-0.7910942237710276,-0.03093759904408755,-0.9214124291184513,-17.50595489481718,53,18,0.3975476419305815,-0.7975686301985021
2.78,2.595934204500181,-0.04450119060321835,0.4879648111668988,0.3120351888331012,0.4817148836022047,0.31403797996010085,-0.8221010389429798,-0.7835369329070273,-0.038564106035952506,-1.0042274596370138,-17.608115904096312,54,18,0.3951371621379352,-0.8007340225856578
2.79,2.59316812948049,-0.03547183489343727,0.4879648111668988,0.3120351888331012,0.4810476961174089,0.31471632755176665,-0.8221010389429798,-0.7772493858207581,-0.044851653122221724,-1.0693338254942062,-17.70640246752154,54,18,0.3927019242872526,-0.8038805065857415
2.8,2.5911567536564535,-0.02319616042652964,0.48802312301935047,0.3119768769806496,0.4804980748182083,0.3152705222049862,-0.82264600952664,-0.7720913673515051,-0.050554642175134945,-1.1224201057773768,-17.81361667571274,54,18,0.3902422957989513,-0.8070080078153656
2.81,2.5901013370183037,-0.008300555531814453,0.48802312301935047,0.3119768769806496,0.48005909609682684,0.3157123531734827,-0.82264600952664,-0.7679754342212344,-0.054670575305405644,-1.155146531739165,-17.8939520262155,54,18,0.3877585940035053,-0.8101164473014414
2.82,2.590163174311659,0.008694205203670317,0.48811786438885085,0.3118821356111492,0.4797102575977189,0.31606805123942616,-0.8235314428864565,-0.7646832072817418,-0.05884823560471475,-1.1805875163398016,-17.9877122738594,54,18,0.38525108726992097,-0.8132057467722918
2.83,2.5914703336887897,0.02732697174530499,0.48811786438885085,0.3118821356111492,0.4794501075315368,0.31634541728751303,-0.8235314428864565,-0.7621714497384287,-0.06135999314802787,-1.1857438014367296,-18.041835211349113,54,18,0.3827199977689316,-0.8162758340779698
2.84,2.5941223346534987,0.047245632978579276,0.48823784045836843,0.3117621595416316,0.47925565265846143,0.31657414528476663,-0.8246527145641906,-0.7601939596901626,-0.06445875487402808,-1.1887470530303514,-18.1155559385438,54,18,0.380165503212545,-0.8193266464008643
2.85,2.5981970323386347,0.0681436452797577,0.48823784045836843,0.3117621595416316,0.47913138295730917,0.3167565118075929,-0.8246527145641906,-0.7587610801388613,-0.0658916344253293,-1.1732589942499279,-18.143507095327518,54,18,0.3775877410147358,-0.8223581338936078
2.86,2.60375400412197,0.08981360363288411,0.4883753392739916,0.3116246607260084,0.4790541869103565,0.31692216898539904,-0.8259377502242206,-0.7576262519857827,-0.06831149823843785,-1.1607952776927308,-18.1977440999334,54,18,0.37498681057726807,-0.8253702601058581
2.87,2.6108407465692856,0.11207363495195805,0.4883753392739916,0.3116246607260084,0.4790338194255886,0.3170673898776752,-0.8259377502242206,-0.75685247452296,-0.06908527570126055,-1.1325671719518944,-18.20407962388188,54,18,0.3723627786156085,-0.8283630032745093
2.88,2.619493249366567,0.1346450287925323,0.5097753392739917,0.2902246607260084,0.4793850072440009,0.31688269230394517,-1.0259377502242206,-0.7593566118694196,-0.266581138354801,-2.8176338438198822,-24.230389381053214,55,12,0.36971568115564063,-0.8313363530666052
2.89,2.629397789649312,0.14646292781259657,0.5097753392739917,0.2902246607260084,0.4826393678484515,0.3138406754009019,-1.0259377502242206,-0.7887789366707925,-0.23715881355342816,-2.762917138902325,-24.391812725768705,55,12,0.3670452755637121,-0.8342900789068954
2.9,2.639506482963461,0.142229496378793,0.512468185652837,0.2875318143471631,0.48572051709291936,0.3110207030191405,-1.0511045388115603,-0.8163542713727987,-0.2347502674387616,-2.694786389059472,-25.117486857959566,55,11,0.36435076736570793,-0.8372234576891282
2.91,2.6487185859147733,0.1221077732802386,0.512468185652837,0.2875318143471631,0.4888727534901487,0.308180054045467,-1.0511045388115603,-0.844358408620008,-0.2067461301915523,-2.429313475264551,-24.996438135547045,55,11,0.3616313286657517,-0.8401357158807177
2.92,2.6559586715001196,0.08723297006228552,0.5124303323881676,0.2875696676118324,0.4916791039439287,0.30573576128189456,-1.050750769982875,-0.8688941245889447,-0.18185664539393043,-2.1606408226382126,-24.782954289243566,55,11,0.35888616187460737,-0.843026075920035
2.93,2.6602766607755717,0.03965595586775337,0.5124303323881676,0.2875696676118324,0.49413004604769123,0.303695828330711,-1.050750769982875,-0.8898795220419635,-0.16087124794091157,-1.9294098258593797,-24.54147234494761,55,12,0.3561145774276549,-0.845893820229933
2.94,2.660863417379806,-0.018449821980095843,0.4910303323881677,0.30896966761183237,0.49590858430672946,0.30237414968191867,-0.8507507699828751,-0.9043665169383681,0.05361574695549298,-0.016996876604288003,-18.260360788725418,54,18,0.3533160085383161,-0.8487382994207243
2.95,2.6573890354563874,-0.07419677783779162,0.4910303323881677,0.30896966761183237,0.4945080769216562,0.3042727378052382,-0.8507507699828751,-0.8889501827869998,0.038199412804124644,0.1210792535681609,-17.844709391255137,54,18,0.3504902528822885,-0.8515591703708357
2.96,2.650380084182386,-0.12062043922121612,0.4877996931970332,0.31220030680296684,0.4930279718360997,0.30628609685186026,-0.8205578803461048,-0.8726255840385022,0.05206770369239744,0.25439956784550927,-16.727165454972535,53,19,0.3476377315307974,-0.8543566724151714
2.97,2.640533408191911,-0.15613541807618625,0.4877996931970332,0.31220030680296684,0.4911940665286242,0.3086811247237572,-0.8205578803461048,-0.8528642140414343,0.03230633369532954,0.11314357674338577,-16.625893749014818,53,20,0.344758996669185,-0.8571311507261582
2.98,2.6286337864202047,-0.18047414604811568,0.4875888809301918,0.31241111906980823,0.4895309039228406,0.31092492544214456,-0.818587672244783,-0.8346073760780188,0.01601970383323581,-0.049081131595141936,-16.579080683936482,53,20,0.34185467578747886,-0.8598829973438222
2.99,2.6154251492848952,-0.19453176084640122,0.4875888809301918,0.31241111906980823,0.48805116959879946,0.31299565921517325,-0.818587672244783,-0.8180164036618046,-0.0005712685829784014,-0.22348435716913367,-16.660804557515263,53,20,0.3389253862457172,-0.8626125565226167
3.0,2.601583623112516,-0.19940960008878744,0.4874991858626131,0.31250081413738695,0.48679501478599735,0.3148434968591161,-0.817749400585169,-0.8035117660134636,-0.014237634571705349,-0.3840899879840616,-16.76162159838532,53,19,0.3359717217330233,-0.8653201025177983
3.01,2.587705741134429,-0.196270313689041,0.4874991858626131,0.31250081413738695,0.4857470053308476,0.3164739683938377,-0.817749400585169,-0.790995499705654,-0.026753900879515014,-0.5408937352483459,-16.911310900505356,53,19,0.33299424868750827,-0.8680058290794639
3.02,2.574308603496591,-0.1862751483657873,0.48750896074177213,0.3124910392582279,0.4849051678109784,0.3178792239020916,-0.8178407545960011,-0.7804950649947983,-0.03734568960120288,-0.6873572000552985,-17.07519256364417,53,19,0.32999350985618026,-0.8706698487830865
3.03,2.5618299310069306,-0.1705505665481681,0.48750896074177213,0.3124910392582279,0.48424989981540584,0.3190694285409669,-0.8178407545960011,-0.7718713610955089,-0.04596939350049223,-0.8205159544053462,-17.238184190256515,53,19,0.3269700265648471,-0.8733121934506697
3.04,2.550632808277873,-0.15012982253653814,0.48759401736732366,0.3124059826326764,0.48375731244168285,0.3200597126175524,-0.8186356763301275,-0.7649420552529459,-0.053693621077181564,-0.9478725406391809,-17.420400538282532,54,19,0.32392430281014123,-0.8759328191892136
3.05,2.541011232290234,-0.1259824608464585,0.48759401736732366,0.3124059826326764,0.4834127289523177,0.3208569422138533,-0.8186356763301275,-0.7596064800862823,-0.05902919624384517,-1.0559742389549243,-17.570451657963744,54,19,0.32085682852860825,-0.8785316130804018
3.06,2.533195760618797,-0.09894841607442725,0.4877320821830317,0.31226791781696833,0.4831817475260328,0.3214888927079773,-0.8199260017105766,-0.7555740879348388,-0.06435191377573779,-1.1621423357606626,-17.74719676087647,54,18,0.31776808162643333,-0.8811084008357355
3.07,2.527361413029375,-0.0698043356147384,0.4877320821830317,0.31226791781696833,0.4830576998530447,0.3219569849396988,-0.8199260017105766,-0.7528070790343265,-0.06711892267625008,-1.245327383308989,-17.872803411047535,54,18,0.3146585302547964,-0.8836629568812169
3.08,2.5236327027038263,-0.03918875138938711,0.4879044810153303,0.31209551898466975,0.48300242271857774,0.32229565990253495,-0.8215372057507503,-0.7509661813833777,-0.07057102436737261,-1.3293768496627794,-18.031902632844464,54,18,0.3115286321668735,-0.886195012754213
3.09,2.5220922678348896,-0.007688933255662928,0.4879044810153303,0.31209551898466975,0.48301753955750587,0.3225011897925136,-0.8215372057507503,-0.7500764007709921,-0.07146080497975815,-1.38832211102002,-18.129197744976448,54,18,0.3083788354838625,-0.8887042685653851
3.1,2.522784766593713,0.024240912615234405,0.48809653171654,0.31190346828346005,0.4830650540460531,0.32261112013886056,-0.8233320721171962,-0.7497847378840774,-0.07354733423311877,-1.4500510065309555,-18.26502349506139,54,18,0.30520957579015473,-0.8911904008673688
3.11,2.5257254046590054,0.056182684654119235,0.48809653171654,0.31190346828346005,0.4831538958993894,0.3226177017350237,-0.8233320721171962,-0.7501691316091854,-0.07316294050801075,-1.4858985801215505,-18.334019072969753,54,18,0.30202127569447546,-0.8936530739960299
3.12,2.5309026227078766,0.08784019470256385,0.4882973547832481,0.31170264521675195,0.4832483800870451,0.322559352181696,-0.8252089232079257,-0.7508833079689212,-0.0743256152390045,-1.5259781703884059,-18.444764770310705,55,18,0.2988143405727727,-0.8960919465035634
3.13,2.538286088913456,0.11893861010973826,0.4882973547832481,0.31170264521675195,0.4833632864864761,0.3224254431424278,-0.8252089232079257,-0.7520459969348052,-0.07316292627312049,-1.5406174851070746,-18.487496056280918,55,18,0.2955891576372999,-0.8985066812669074
3.14,2.547827003248853,0.1491313088763469,0.5096973547832481,0.290302645216752,0.4838025767933304,0.3219174015947396,-1.0252089232079258,-0.7564727813018259,-0.26873614190609985,-3.2620082739150487,-24.546205455510147,55,12,0.2923460906491173,-0.9008969488325841
3.15,2.5591188353558145,0.16731562428301214,0.5096973547832481,0.290302645216752,0.48709693399191556,0.31851094666500845,-1.0252089232079258,-0.7877849875089116,-0.2374239356990142,-3.2366707190422552,-24.7355184287316,55,11,0.2890852763298824,-0.9032621547312214
3.16,2.5710104343799536,0.1681681836813902,0.5124713630824276,0.28752863691757247,0.4901712460134936,0.31528834884495904,-1.0511342344152108,-0.8172097998529649,-0.23392443456224588,-3.1966100521187144,-25.506831115873293,55,11,0.28580640350072345,-0.905601120255064
3.17,2.5822961764500234,0.15179988567605499,0.5124713630824276,0.28752863691757247,0.4932802370756424,0.31200251774219945,-1.0511342344152108,-0.8470921464179579,-0.20404208799725287,-2.9441819305630244,-25.403505098273335,55,11,0.2825091257843638,-0.9079126343086154
3.18,2.5917953560471827,0.11933175700516038,0.5124399467805307,0.28756005321946926,0.4959967923328602,0.3090883832418564,-1.05084062411711,-0.8734037807990834,-0.17743684331802656,-2.6794588406824373,-25.202666476321028,55,11,0.2791931070350754,-0.9101955171933489
3.19,2.59845751759156,0.07284034428485818,0.5124399467805307,0.28756005321946926,0.4983141688440823,0.30656038805187025,-1.05084062411711,-0.8960457046365047,-0.1547949194806053,-2.4429927772165843,-24.96518029359309,55,11,0.2758580797119919,-0.9124487069895999
3.2,2.6013798190401087,0.014545264704064087,0.4910399467805308,0.30896005321946923,0.4999173063895555,0.30474088914079617,-0.85084062411711,-0.9120393329381278,0.061198708821017744,-0.5169512447307663,-18.681195161742576,55,17,0.27250385193501303,-0.9146712744722042
3.21,2.6001490321106027,-0.04259980738395822,0.4910399467805308,0.30896005321946923,0.49830312452255454,0.30613959237682475,-0.85084062411711,-0.8979604305875226,0.047119806470412584,-0.3575462067873646,-18.256045922070516,54,18,0.26913049109102694,-0.9168627104723559
3.22,2.5952208787150135,-0.09154787942687322,0.4878365428119722,0.31216345718802785,0.496575667367357,0.30765816880654756,-0.8209022692707681,-0.8827920493495769,0.06188978007880874,-0.1982635193794477,-17.130465570752072,53,19,0.26573851661021397,-0.91902325177097
3.23,2.587227195654253,-0.13063006463755922,0.4878365428119722,0.31216345718802785,0.49446860027456374,0.30956755729865526,-0.8209022692707681,-0.8640235653079836,0.043121296037215484,-0.3056331959196361,-17.008081574306797,53,19,0.2623285102513842,-0.9211533066098141
3.24,2.5768927038548597,-0.1594753404919885,0.4876049739670491,0.31239502603295094,0.49250716202867884,0.311345857252322,-0.8187380744584025,-0.8465481531605458,0.02781007870214325,-0.42759553270825135,-16.92921004732354,53,19,0.25890107189419914,-0.9232533827552951
3.25,2.564907233098864,-0.17884657204581889,0.4876049739670491,0.31239502603295094,0.49070669791010124,0.312979691746891,-0.8187380744584025,-0.8305000288000479,0.011761954341645398,-0.5604594234865197,-16.980481459303395,53,19,0.2554567563801231,-0.9253239751471999
3.26,2.5518998451285904,-0.1897114515028516,0.48748304992062663,0.3125169500793734,0.4891151403212214,0.31442167817555444,-0.8175985973890335,-0.8163245894657333,-0.0012740079233002355,-0.6757157286534523,-17.038977410398054,53,19,0.2519960672811231,-0.9273655385535818
3.27,2.538427432280737,-0.19308629487639747,0.48748304992062663,0.3125169500793734,0.4877185656749262,0.3156848793519177,-0.8175985973890335,-0.8038957304813481,-0.013702866907685407,-0.7898569426914539,-17.15346618091573,53,19,0.24851945908472803,-0.9293784725093729
3.28,2.52497579008542,-0.1899954422259639,0.48745226540261843,0.3125477345973816,0.48652417232522427,0.3167598898696904,-0.8173108916132564,-0.7932910395118409,-0.02401985210141555,-0.8923050995477435,-17.27045362952048,53,19,0.24502734590242412,-0.9313631173491936
3.29,2.5119594465404003,-0.1814227414183902,0.48745226540261843,0.3125477345973816,0.48551246320107283,0.3176627715042049,-0.8173108916132564,-0.7843443537236817,-0.03296653788957471,-0.9876664443568806,-17.398422841373527,53,19,0.2415201092319887,-0.9333197497916083
3.3,2.4997269319436617,-0.16827779303966875,0.48749171849839756,0.3125082815016025,0.48466913872434336,0.3184033275099586,-0.8176796121345564,-0.7769430430578731,-0.04073656907668333,-1.0781646613468165,-17.534944106370876,54,19,0.2379981078024283,-0.9352485839992859
3.31,2.4885653835720736,-0.1514075458292539,0.48749171849839756,0.3125082815016025,0.4839780950518732,0.31899231436513337,-0.8176796121345564,-0.7709615919941115,-0.046718020140444905,-1.1582921182204424,-17.65479484554089,54,18,0.2344616861669111,-0.9371497729255176
3.32,2.478706234206287,-0.13155558242379906,0.48758216969832,0.31241783030168,0.4834140677617125,0.31944904282866105,-0.8185249504515889,-0.7661917052946328,-0.05233324515695614,-1.239144484584571,-17.79213175742711,54,18,0.23091118269228567,-0.93902341151172
3.33,2.4703315262286507,-0.10940869696532114,0.48758216969832,0.31241783030168,0.4829674229351715,0.3197768570373686,-0.8185249504515889,-0.7625727378402007,-0.055952212611388163,-1.307386231961888,-17.896073261221,54,18,0.22734693653781726,-0.9408695413499216
3.34,2.4635785523819806,-0.08554605078825489,0.48770738074774855,0.3122926192522515,0.482608014237093,0.31999956276066965,-0.8196951471752197,-0.7598525769926322,-0.05984257018258754,-1.3799840349005554,-18.02575740698421,54,18,0.2237692924283036,-0.9426881547487022
3.35,2.4585464670453074,-0.06050521115624578,0.48770738074774855,0.3122926192522515,0.4823330769485229,0.3201138230022622,-0.8196951471752197,-0.7580338969451434,-0.06166125023007629,-1.4380154203237283,-18.112177548433642,54,18,0.22017860485320273,-0.9444792013639796
3.36,2.455299529820137,-0.034721961775768154,0.487854254922183,0.31214574507781706,0.48211112089389174,0.32014554797853123,-0.8210678030110558,-0.7568484715671052,-0.06421933144395053,-1.502096159512842,-18.230406579915197,54,18,0.2165752392271577,-0.9462425925619421
3.37,2.4538734660000436,-0.00860594732105935,0.487854254922183,0.31214574507781706,0.4819454924005674,0.32008659854669186,-0.8210678030110558,-0.7563499712797921,-0.06471783173126366,-1.5497205732779973,-18.299798536309574,54,18,0.21295957299464952,-0.9479782091775454
3.38,2.454277474798404,0.017526386017198557,0.48801252951306157,0.3119874704869385,0.48180542904235424,0.3199639691831332,-0.8225470047949676,-0.7562685040150517,-0.06627850077991582,-1.6035528342183016,-18.404490089282028,54,18,0.20933199343074887,-0.9496859058546179
3.39,2.4565002063078505,0.04337270649220314,0.48801252951306157,0.3119874704869385,0.48169924658874996,0.3197668019616423,-0.8225470047949676,-0.7566936664818116,-0.06585333831315598,-1.6392062559463696,-18.457543710605723,54,17,0.20569289594299367,-0.9513655192911664
3.4,2.460510867769317,0.06871565974167422,0.4881743846728453,0.31182561532715475,0.48159814233112785,0.31952273959177313,-0.8240596698396756,-0.7573616950437139,-0.06669797479596173,-1.6802652690697242,-18.54706041633564,54,17,0.20204267921944274,-0.9530168722743755
3.41,2.4662648369526736,0.09334408095593993,0.4881743846728453,0.31182561532715475,0.48151424842777635,0.31921997775682376,-0.8240596698396756,-0.7583844423876287,-0.0656752274520469,-1.7018424029406376,-18.58406123870845,54,17,0.1983817414474893,-0.9546397818306075
3.42,2.4737041878750796,0.11712465412742082,0.488334114719102,0.31166588528089806,0.481421452436156,0.31888649534320784,-0.8255524740102989,-0.7595091452941505,-0.06604332871614838,-1.7276654357791923,-18.65694039639655,55,17,0.19471047381499798,-0.9562340626380814
3.43,2.4827629723035742,0.13992555712981297,0.488334114719102,0.31166588528089806,0.4813346876657771,0.3185107577257315,-0.8255524740102989,-0.7608594857011476,-0.06469298830915127,-1.7333964451089146,-18.677888681615727,55,17,0.1910292556338465,-0.9577995345260047
3.44,2.493366130935497,0.1615058690306754,0.509734114719102,0.29026588528089803,0.4815680260660481,0.317783560313489,-1.0255524740102988,-0.7653479708063513,-0.2602045032039475,-3.4474011890283407,-24.71910638717034,55,11,0.18733844686936424,-0.9593360237618475
3.45,2.5050900306139297,0.17083464196400658,0.509734114719102,0.29026588528089803,0.48465565627824425,0.314176931772034,-1.0255524740102988,-0.7966295537673376,-0.22892292024296124,-3.414847872760153,-24.894143563907733,55,11,0.1836382538690936,-0.9608430502377999
3.46,2.5167780404426385,0.16264424826041557,0.5124540594759466,0.28754594052405347,0.4875243916998413,0.31077145616980095,-1.0509725184667902,-0.8259482968693475,-0.22502422159744273,-3.3625917379637524,-25.638172641869453,55,10,0.17992859006955417,-0.9623194678756902
3.47,2.5272256232341355,0.13711720318794834,0.5124540594759466,0.28754594052405347,0.4904247836455844,0.307324944961495,-1.0509725184667902,-0.8556067228228479,-0.1953657956439423,-3.1010067012798443,-25.523677189222607,55,10,0.17620934105891545,-0.9637640951396927
3.48,2.5352604836193597,0.09560574874868435,0.4910540594759466,0.30894594052405344,0.49260036970075294,0.3046029363898155,-0.8509725184667902,-0.8784926790230723,0.027520160556282036,-1.110920237850971,-19.292157894829717,55,17,0.17248039115044136,-0.9651757893970185
3.49,2.540189825071521,0.05124732688456461,0.4910540594759466,0.30894594052405344,0.4915143432720552,0.3051517453730848,-0.8509725184667902,-0.8708532612101417,0.0198807427433515,-0.8832933942385324,-18.8735504181688,55,17,0.16874177430003795,-0.966553866597061
3.5,2.542200910809273,0.011411066204983165,0.4880972210089536,0.31190277899104646,0.49025769980573625,0.30589001854296144,-0.82333851410237,-0.861531220854088,0.03819270675171793,-0.6737617536284983,-17.793707137659403,54,18,0.16499379333202832,-0.9678984826568355
3.51,2.5416768790493287,-0.02196401134013492,0.4880972210089536,0.31190277899104646,0.4885868422779873,0.30707082264679253,-0.82333851410237,-0.8482056992111905,0.024867185108820467,-0.7102936774136446,-17.629746452053244,53,18,0.1612367651409483,-0.9692099961812629
3.52,2.5391129476461654,-0.04813936286803989,0.48790855033588787,0.3120914496641122,0.4869920284618135,0.30821289491558085,-0.8215752367839985,-0.8354165118982836,0.013841275114285123,-0.7623277817693961,-17.506560978005073,53,18,0.1574709883230788,-0.9704888888961958
3.53,2.534998566952939,-0.06744864084027176,0.48790855033588787,0.3120914496641122,0.48549738928612723,0.30930033706137233,-0.8215752367839985,-0.8233507113306304,0.001775474546631961,-0.8225044609214403,-17.49290629732062,53,18,0.1536967051848479,-0.9717356520015915
3.54,2.5297921690101144,-0.08042754361262507,0.48779718018252216,0.3122028198174779,0.48415171266105556,0.3102915689776264,-0.8205343942291787,-0.8124305779599492,-0.008103816269229513,-0.8665360137907512,-17.48427354972158,53,18,0.14991409817808782,-0.9729507587892999
3.55,2.5239101137363957,-0.08767296726373103,0.48779718018252216,0.3122028198174779,0.4829509490581945,0.31119659538258654,-0.8205343942291787,-0.8025904377364861,-0.017943956492692648,-0.9100225414005376,-17.526554834388026,53,18,0.14612329283546022,-0.9741346503441645
3.56,2.5177261643705244,-0.08981413400219047,0.4877537812684821,0.3122462187315179,0.4819101670771522,0.3120048654315227,-0.8201287969017019,-0.7939500076898575,-0.026178789211844467,-0.942488255802671,-17.567573790766524,53,18,0.1423243652646314,-0.9752877311846926
3.57,2.5115699346291875,-0.08746114264671533,0.4877537812684821,0.3122462187315179,0.4810182288046906,0.3127304621716078,-0.8201287969017019,-0.7863914328648727,-0.033737364036829254,-0.971150232831687,-17.624337414109398,53,18,0.1385173502159218,-0.9764103640389467
3.58,2.5057302869226845,-0.0811856423022382,0.487766224957796,0.31223377504220406,0.48027192359341,0.31337788806827793,-0.8202450930635136,-0.7798786706781872,-0.040366422385326395,-0.9957237842169915,-17.68457493917198,54,18,0.13470225117563134,-0.9775028696019092
3.59,2.5004577462155555,-0.07151994539481916,0.487766224957796,0.31223377504220406,0.479661158457169,0.31395685125791345,-0.8202450930635136,-0.7743191925198857,-0.045925900543627884,-1.0155511604561096,-17.738871053024905,54,18,0.130879050399865,-0.9785655257232984
3.6,2.495968393160431,-0.0589327663639948,0.48782304072526594,0.3121769592747341,0.47917251015457096,0.31447874819860444,-0.8207760815445412,-0.7695970184858248,-0.051179063058716334,-1.0378200903187382,-17.80541584692625,54,18,0.12704771929312653,-0.9795985684763316
3.61,2.4924476179422945,-0.04385948384357887,0.48782304072526594,0.3121769592747341,0.4787999872642533,0.31494599302244486,-0.8207760815445412,-0.7656728702888247,-0.05510321125571649,-1.0550432746417497,-17.852482962560547,54,18,0.12320822837518913,-0.9806021936253277
3.62,2.4900530813721073,-0.02666794013058135,0.48791452587701556,0.3120854741229845,0.478524379287123,0.3153728130777277,-0.8216310829627619,-0.7623904963055858,-0.05924058665717613,-1.0798289179983347,-17.921252381372817,54,18,0.11936055639959312,-0.9815765579042242
3.63,2.4889186109427306,-0.007708159190854309,0.48791452587701556,0.3120854741229845,0.4783445369277809,0.31575416107814513,-0.8216310829627619,-0.7597681114468963,-0.06186297151586562,-1.0989900620454132,-17.961748564772044,54,18,0.11550469881937535,-0.9825217817970293
3.64,2.489155810688581,0.01273317252693921,0.488032787839608,0.311967212160392,0.47823787993381517,0.3161054402974568,-0.8227363349496076,-0.7576282225998058,-0.06510811234980185,-1.1290593004764231,-18.03236107429456,54,18,0.11164067457445209,-0.9834379507004849
3.65,2.4908576831841795,0.03437087327759416,0.488032787839608,0.311967212160392,0.4782078192027432,0.316415347431698,-0.8227363349496076,-0.7560395877151642,-0.06669674723444341,-1.1522383833964005,-18.06849339160564,54,18,0.10776853207893815,-0.9843251186109611
3.66,2.4940989808347136,0.05697764057228006,0.4881713835968125,0.31182861640318754,0.47822975594753514,0.31670016050650185,-0.8240316224001167,-0.7548111936496884,-0.06922042875042833,-1.1879195753087237,-18.141312180513825,54,18,0.10388835301555223,-0.985183309160117
3.67,2.498939544908354,0.08031471163562573,0.4881713835968125,0.31182861640318754,0.47831102207744375,0.3169440970430191,-0.8240316224001167,-0.7540510515627319,-0.06998057083738485,-1.214720371445139,-18.174802217012193,54,18,0.10000025530154494,-0.9860125200239213
3.68,2.5054237154537304,0.10419757150217233,0.4883249082944732,0.3116750917055268,0.4784258507652593,0.31716464247779513,-0.825466432658628,-0.7535570480722624,-0.07190938458636553,-1.2541353699427793,-18.249456189302553,54,18,0.09610439364152612,-0.9868127238859294
3.69,2.5135835515472147,0.12842200697377684,0.4883249082944732,0.3116750917055268,0.4785848225887521,0.31734339242103116,-0.825466432658628,-0.753464626951967,-0.07200180570666093,-1.282169016658584,-18.280715132550394,54,18,0.09220095936787678,-0.9875838734187236
3.7,2.5234364166007737,0.15265660297926278,0.5097249082944733,0.29027509170552684,0.4790986109717483,0.3171625744148215,-1.025466432658628,-0.7567104512005925,-0.2687559814580355,-3.026070649742859,-24.33881685540318,55,12,0.0882901776928374,-0.9883259009439305
3.71,2.53464509262542,0.16576297456663658,0.5097249082944733,0.29027509170552684,0.48249658000879875,0.31408668630289277,-1.025466432658628,-0.786962120121056,-0.23850431253757198,-3.0300013749205776,-24.536810064518644,55,11,0.08437224387604883,-0.9890383860471249
3.72,2.546131727198156,0.16235279673273245,0.5124608055827511,0.287539194417249,0.48570054613747116,0.3111889311152416,-1.0510355661939348,-0.8154748365524748,-0.23556072964146002,-3.020937619734773,-25.313700455119694,55,11,0.08044726193207574,-0.9897201756527186
3.73,2.556757836648404,0.1424691156861053,0.5124608055827511,0.287539194417249,0.4889574132731882,0.30821873171197145,-1.0510355661939348,-0.8445732783234428,-0.20646228787049203,-2.8053396824846315,-25.232291073904836,55,11,0.07651537330331658,-0.990370053071201
3.74,2.5654020862866203,0.10713970474743424,0.5124234134910743,0.2875765865089257,0.49184166162901494,0.3055993395793121,-1.0506861073932177,-0.8702912245313217,-0.18039488286189598,-2.5780444311796256,-25.056150594592715,55,11,0.07257676532072276,-0.9909868166233102
3.75,2.5710627499711283,0.05833036316883687,0.5124234134910743,0.2875765865089257,0.4943418159488815,0.30334140861994685,-1.0506861073932177,-0.8925252678922179,-0.1581608395009998,-2.378103845885649,-24.847524222571487,55,11,0.0686316795733516,-0.9915693829922716
3.76,2.572874899804985,-0.001854034309447455,0.4910234134910743,0.30897658650892573,0.4961395191187192,0.30176390662535907,-0.8506861073932177,-0.9082972546418695,0.057611147248651795,-0.4853492282112354,-18.593129978085834,55,17,0.06468040387934854,-0.9921168064646884
3.77,2.5704500607578087,-0.06057251571050863,0.4910234134910743,0.30897658650892573,0.4947276565985012,0.3033759197699583,-0.8506861073932177,-0.8941669945259015,0.04348088713268383,-0.354197532867667,-18.19654597075792,54,18,0.06072330405940538,-0.992628617772778
3.78,2.5642542397633443,-0.11088072028461313,0.48774819203482145,0.3122518079651786,0.4932054089958072,0.3050814756894542,-0.8200765610730972,-0.8790838004969764,0.0590072394238792,-0.21089129770054205,-17.076673558603915,53,19,0.05676084675613651,-0.9931052022874959
3.79,2.554923796213047,-0.15116162215756154,0.48774819203482145,0.3122518079651786,0.4912946968479798,0.30716292595155326,-0.8200765610730972,-0.8604288359646101,0.04035227489151283,-0.3323798722679734,-16.97563137292239,53,19,0.05279348747881065,-0.9935471239309441
3.8,2.5431854478671743,-0.18109706463848202,0.4875066543751966,0.31249334562480346,0.4895284495683677,0.30909246264834445,-0.8178191997681924,-0.8431588173832865,0.025339617615094068,-0.4599005504385083,-16.910733021324734,53,19,0.04882165170528101,-0.9939550457524828
3.81,2.5297284172329957,-0.20149934404510345,0.4875066543751966,0.31249334562480346,0.48791918907811394,0.3108632868339115,-0.8178191997681924,-0.8273640291785163,0.009544829410323863,-0.5900645392346802,-16.972959740159588,53,19,0.044845716376944386,-0.9943296020250074
3.82,2.5151798004139914,-0.21336579170982914,0.4873754579711642,0.31262454202883583,0.4865151225991607,0.3124332438290292,-0.8165930651510672,-0.8134667232249135,-0.0031263419261536862,-0.6928115999164632,-17.033352344609607,53,19,0.0408660069407798,-0.9946713723594837
3.83,2.5000944396120333,-0.21771683673204942,0.4873754579711642,0.31262454202883583,0.485300936553633,0.3138237438437293,-0.8165930651510672,-0.8012952930369331,-0.015297772114134078,-0.7863142748185095,-17.145370525919272,53,19,0.03688279789876968,-0.9949808700205451
3.84,2.484957592159396,-0.21555922287115853,0.4873355823382727,0.31266441766172737,0.48428544757910486,0.3150318228150193,-0.8162203956847909,-0.7909047886172225,-0.025315607067568413,-0.859292884157483,-17.25040915453502,53,19,0.032896316036115224,-0.9952585428944627
3.85,2.4701861122662137,-0.20783425859212437,0.4873355823382727,0.31266441766172737,0.4834492097346839,0.31608225539592744,-0.8162203956847909,-0.782088571676432,-0.0341318240083589,-0.9187545042045931,-17.3622142268962,53,19,0.028906744812552728,-0.995504772981239
3.86,2.456135278350362,-0.1953901685696025,0.48736679504519625,0.3126332049548038,0.482780842912813,0.31699096578592867,-0.8165121032261331,-0.7747190519947865,-0.04179305123134658,-0.9669765104694222,-17.474170937864162,54,19,0.024914230323057826,-0.9957198816047874
3.87,2.4431045485963407,-0.17899285760862843,0.48736679504519625,0.3126332049548038,0.4822655312479366,0.31777629761132864,-0.8165121032261331,-0.7686412786757378,-0.04787082455039526,-1.0012999779038403,-17.566437665137258,54,19,0.020918888144931196,-0.9959041337203871
3.88,2.4313444760264735,-0.15929244530428405,0.48745161626155875,0.3125483837384413,0.4818817483976855,0.318462094901502,-0.8173048248743805,-0.7636432406363717,-0.05366158423800882,-1.0336149911357815,-17.670472335559086,54,18,0.016920811047826532,-0.9960577436127741
3.89,2.4210637022719492,-0.13687170330777274,0.48745161626155875,0.3125483837384413,0.4816220760787823,0.3190567352892933,-0.8173048248743805,-0.7596511251845282,-0.057653699689852345,-1.053365129102007,-17.739771960050447,54,18,0.012920077284006196,-0.9961808809641921
3.9,2.412434219436649,-0.11220183124487532,0.4875763554539698,0.3124236445460302,0.4814601170409986,0.31958612007121573,-0.8184706117193439,-0.7564205465877707,-0.062050065131573184,-1.079109966773221,-17.833271474796547,54,18,0.008916759164680883,-0.9962736755278888
3.91,2.4055980076985306,-0.08571354039791881,0.4875763554539698,0.3124236445460302,0.48139590649246705,0.3200482210239252,-0.8184706117193439,-0.753961147049261,-0.0645094646700829,-1.0939543470870108,-17.883730992406843,54,18,0.0049109317939967706,-0.9963362235428498
3.92,2.4006701021909613,-0.05774069605751659,0.48773079805651187,0.3122692019434882,0.48140072782016397,0.3204682799869937,-0.8199140005281482,-0.752020784267151,-0.0678932162609972,-1.1210156919044079,-17.969785863108104,54,18,0.0009026815595476678,-0.9963685909600016
3.93,2.397744274245126,-0.02860474754378385,0.48773079805651187,0.3122692019434882,0.48148099268665767,0.32083500085843,-0.8199140005281482,-0.7506822048048026,-0.06923179572334559,-1.1383281371334129,-18.00812297902031,54,18,-0.0031078857303274603,-0.9963708196603839
3.94,2.3968939929453623,0.0014534931025395024,0.4879073645464412,0.31209263545355886,0.48160674022518124,0.3211721768907536,-0.8215641546396372,-0.7496942211889143,-0.0718699334507229,-1.172097492635244,-18.091496153531853,54,18,-0.007120637431495403,-0.9963429293127242
3.95,2.398177107464254,0.03218177246473881,0.4879073645464412,0.31209263545355886,0.4817893684384013,0.3214611357617518,-0.8215641546396372,-0.7491973489563061,-0.07236680568333109,-1.1963244676376747,-18.124158538047457,54,18,-0.0111354075290686,-0.9962849232738535
3.96,2.401635099315671,0.0633952922574126,0.4881001908699946,0.3118998091300054,0.48199806807902357,0.3217245258536604,-0.8233662698130335,-0.7489417860998279,-0.07442448371320565,-1.239289099192299,-18.208933191140687,54,18,-0.015151991208579461,-0.9961967893298611
3.97,2.4072970049340605,0.0948804753541601,0.4881001908699946,0.3118998091300054,0.4822479218122975,0.32193847301715617,-0.8233662698130335,-0.7491095738090715,-0.07425669600396201,-1.2718626073737305,-18.24061893479433,54,18,-0.019170140767491486,-0.9960785053129833
3.98,2.4151774698981674,0.12648274251027236,0.488304363072007,0.31169563692799307,0.48250747433711255,0.3221252928774156,-0.82527442123371,-0.7494494460733502,-0.0758249751603598,-1.3236807462682327,-18.329015072264163,55,18,-0.0231895628665102,-0.9959300389815053
3.99,2.4252802562890934,0.15800835302340632,0.488304363072007,0.31169563692799307,0.48279444002428545,0.3222580818580036,-0.82527442123371,-0.7501698979732796,-0.07510452326043038,-1.3633404438919992,-18.362112374964397,55,18,-0.02720991744240177,-0.9957513533986974
4.0,2.437594347147343,0.18913879887618434,0.509704363072007,0.2902956369279931,0.48341318528231353,0.32202353882714935,-1.02527442123371,-0.7541572264260007,-0.27111719480770924,-3.1217032370117774,-24.424000850311156,55,12,-0.031230817928712296,-0.9955424048753645
