time_s,path_error_mm,heading_error_deg,v_left_target,v_right_target,v_left_actual,v_right_actual,omega_cmd,gyro_z,yaw_error,wheel_pi_turn,turn_pwm,left_pwm,right_pwm,x_m,y_m
0.0,0.00031913315561698076,0.04571246214847734,0.4214,0.37860000000000005,0.4002318718157895,0.39976812818421054,-0.2,-0.0021670263157894725,-0.19783297368421054,-1.717349999999998,-7.317349999999998,43,29,0.00039999999999906083,-8.668105263151106e-10
0.01,0.02087768854865861,0.4962870765461895,0.4214,0.37860000000000005,0.40233318164197157,0.3975169308490431,-0.2,-0.022505844826768533,-0.17749415517323147,-1.5968460268929623,-7.0976201075824665,43,29,0.004399925045365325,-2.4144921250808677e-07
0.02,0.0723892879041207,0.9354639702820438,0.4428,0.3572,0.40386598982678257,0.3945578285983449,-0.4,-0.04349608050671819,-0.35650391949328186,-3.114941204926402,-14.09205808432107,50,22,0.008395191142471359,-1.4444110738553433e-06
0.03,0.15359947152851397,1.3515104706341798,0.4428,0.3572,0.4086047514058568,0.3885833516927952,-0.4,-0.09355794258439998,-0.30644205741560004,-2.921168335512988,-13.604724790795371,49,22,0.01238380403102812,-4.698749269677479e-06
0.04,0.2625683986326479,1.7404633263284062,0.46420000000000006,0.3358,0.41312363631989996,0.38319520662238676,-0.6000000000000001,-0.13985247522202424,-0.4601475247779758,-4.201201018627158,-20.159491145140013,55,16,0.016367258714286032,-1.1831598856151682e-05
0.05,0.3971683170203248,2.0936710455362895,0.46420000000000006,0.3358,0.420404382812469,0.3753572420123455,-0.6000000000000001,-0.2105006579445025,-0.3894993420554976,-3.8070174039577616,-19.290262848829137,55,17,0.020347232975039386,-2.4913507797342725e-05
0.06,0.5547492767327309,2.409611117079938,0.48560000000000003,0.3144,0.42697710367559916,0.36846258420471734,-0.8,-0.273432333976083,-0.526567666023917,-4.926471881072938,-25.530346003145542,55,10,0.024325049256490774,-4.657463625793776e-05
0.07,0.7325922583251002,2.681580764420193,0.48560000000000003,0.3144,0.43589696351867874,0.3593922909266694,-0.8,-0.35749847005611823,-0.4425015299438818,-4.40456569833567,-24.40601045528896,55,11,0.028301663524950928,-7.953791027975558e-05
0.08,0.9275573726397484,2.9096313745594795,0.507,0.29300000000000004,0.4437741303072218,0.3514874747343246,-1.0,-0.4312460540789588,-0.5687539459210412,-5.4225128907023485,-30.440639227042013,55,5,0.03227772696250685,-0.00012696219262353363
0.09,1.1365207579979277,3.088332130304513,0.507,0.29300000000000004,0.45373135657499986,0.3415885811548045,-1.0,-0.5240316608420342,-0.47596833915796577,-4.819665352483611,-29.151062884341545,55,7,0.03625364632502868,-0.00019199883770635402
0.1,1.35600965887255,3.2188718672653223,0.5177,0.2823,0.46222681839242474,0.3332094765091653,-1.1,-0.6028847751554176,-0.4971152248445825,-4.913911732861205,-31.393822446842375,55,5,0.040229620109402016,-0.0002781523748507673
0.11,1.5828359543067851,3.3033475697194317,0.5177,0.2823,0.47089896752452337,0.32469032604492837,-1.1,-0.6832179508392291,-0.416782049160771,-4.272058698087465,-30.09836577307194,55,6,0.04420567773854382,-0.00038864241455589295
0.12,1.813944195028654,3.346552975644239,0.5177,0.2823,0.4780253675588158,0.317737193871736,-1.1,-0.7490101574162608,-0.35098984258373933,-3.6169267024049487,-28.85946698233433,55,7,0.04818170168024676,-0.0005265526092604227
0.13,2.0467808212182756,3.356263984050307,0.5177,0.2823,0.48379524645609673,0.3121484359285629,-1.1,-0.8020878996613728,-0.29791210033862725,-3.0847936430526026,-27.833724773109036,55,8,0.05215746153494786,-0.0006944584856008016
0.14,2.2792814886287625,3.3390162484807613,0.5177,0.2823,0.48845402443698693,0.3076694622442794,-1.1,-0.8447876737976987,-0.2552123262023014,-2.6591198182467317,-27.00134272774706,55,9,0.056132640602745344,-0.0008944384984433321
0.15,2.509783309112876,3.300109632455206,0.5177,0.2823,0.49221207625689195,0.30408348788569967,-1.1,-0.8791055531364127,-0.2208944468635874,-2.3189921089845287,-26.33034030942357,55,10,0.060106857661613965,-0.0011281610323147333
0.16,2.7369479424452123,3.24381295026661,0.5177,0.2823,0.4952424438987757,0.30121347021166256,-1.1,-0.9066774471360428,-0.19332255286395728,-2.0464589573430074,-25.790325495229467,55,10,0.0640796858515677,-0.0013969611891481882
0.17,2.9596986217998897,3.1735574098467616,0.5177,0.2823,0.4976855683425617,0.2989171036235966,-1.1,-0.9288246014904913,-0.1711753985095088,-1.8267514534086469,-25.35507679357167,55,11,0.06805066908510118,-0.001701904175995723
0.18,3.177169393331003,3.0921012214099406,0.5177,0.2823,0.4996548114295692,0.29708105984463234,-1.1,-0.9466063158174619,-0.15339368418253818,-1.6479392996765572,-25.002888725970173,55,11,0.07201933625487132,-0.0020438369228815323
0.19,3.388664484737487,3.0016650291581444,0.5177,0.2823,0.5012415606861627,0.29561565403769186,-1.1,-0.9608687226564053,-0.13913127734359476,-1.5005167558428636,-24.716195989191004,55,11,0.07598521342637932,-0.0024234299298731576
0.2,3.593625881120451,2.9040414395164182,0.5177,0.2823,0.5025195929282166,0.29445024459543573,-1.1,-0.9722866744522471,-0.12771332554775294,-1.3770130367878606,-24.48099446546208,55,11,0.07994783413093211,-0.0028412111777006656
0.21,3.7916074653460803,2.8006826866205765,0.5177,0.2823,0.503548668326972,0.2935293864137891,-1.1,-0.981398513613004,-0.11860148638699608,-1.2716517943103556,-24.286254780031932,55,12,0.08390674781835,-0.003297593653867292
0.22,3.982254364966455,2.6927702837916008,0.5177,0.2823,0.5043774298454975,0.2928096601140108,-1.1,-0.9886344379976018,-0.11136556200239833,-1.1800612911653445,-24.123395156844786,55,12,0.08786152649318146,-0.003792897757680767
0.23,4.1652864028044165,2.5812700186610122,0.5177,0.2823,0.5050457104649054,0.2922570765595915,-1.1,-0.994339410772495,-0.1056605892275051,-1.0990291799338712,-23.985828977720494,55,12,0.09181176954248378,-0.0043273695902514816
0.24,4.340484765038561,2.4669751142850624,0.5177,0.2823,0.5055863492335464,0.2918449606157317,-1.1,-0.998791535597265,-0.10120846440273512,-1.0262941007867106,-23.86858337924888,55,12,0.09575710676544147,-0.004901195918915616
0.25,4.5076811805118515,2.350539890177887,0.5177,0.2823,0.5060266061056712,0.29155223142032666,-1.1,-1.0022167041371242,-0.09778329586287593,-0.9603668720609955,-23.76797937027925,55,12,0.09969719963212671,-0.005514516429008993
0.26,4.6667490526534925,2.2325058406978564,0.5177,0.2823,0.5063892524369084,0.29136201097749426,-1.1,-1.00480019373558,-0.09519980626442015,-0.9003753266170071,-23.681363292359006,55,12,0.1036317408270483,-0.00616743373521357
0.27,4.817596105939697,2.1133217031873377,0.5177,0.2823,0.5066934016905434,0.2912605059390396,-1.1,-1.0066957745397378,-0.09330422546026229,-0.8459282276226141,-23.60688062839489,55,12,0.10756045216916806,-0.006860021514813665
0.28,4.960158206850336,1.9933588056520792,0.5177,0.2823,0.5069551342235719,0.2912361182496949,-1.1,-1.0080327849246589,-0.09196721507534122,-0.7969949474768601,-23.54328482728475,55,12,0.1114830810402703,-0.007592331041314312
0.29,5.094394098723035,1.8729227527029755,0.5177,0.2823,0.5071879610356995,0.29127874890255606,-1.1,-1.0089215520240347,-0.09107844797596543,-0.7537986392978087,-23.489775425040644,55,13,0.11539939549466073,-0.008364396334643018
0.3,5.220280853990271,1.7522623188134894,0.5177,0.2823,0.5074031638786565,0.2913792656521381,-1.1,-1.0094574683482167,-0.09054253165178339,-0.7167214612358577,-23.44586112343552,55,13,0.11930917826216454,-0.009176238099728822
0.31,5.3378098986417655,1.63157626103053,0.5177,0.2823,0.507610042871877,0.2915291105010766,-1.1,-1.0097239830411235,-0.09027601695887655,-0.6862210430243592,-23.411244593389988,55,13,0.1232122198906953,-0.010027866595221369
0.32,5.446983504533712,1.5110186321061492,0.5177,0.2823,0.5078160975005348,0.29172002644073053,-1.1,-1.0097947245785244,-0.09020527542147572,-0.6627578326415031,-23.385726614273057,55,13,0.1271083113021059,-0.01091928355544743
0.33,5.547811677130964,1.3907030640761333,0.5177,0.2823,0.508027162368527,0.29194388557899853,-1.1,-1.0097349382688248,-0.09026506173117532,-0.6467332514468833,-23.369127772768444,55,13,0.13099723605390862,-0.011850483278699404
0.34,5.640309390872024,1.2707063973633181,0.5177,0.2823,0.5082475151716059,0.2921926026831417,-1.1,-1.0096023948059076,-0.09039760519409246,-0.6384387410257151,-23.361226361205354,55,13,0.1348787626085548,-0.012821452991199122
0.35,5.72449414279494,1.1510719483528804,0.5177,0.2823,0.5084799709150011,0.29245811951482686,-1.1,-1.009447903739132,-0.09055209626086813,-0.6380158256768018,-23.36171136974541,55,13,0.1387526369105804,-0.01383217259644703
0.36,5.800383808358614,1.0318126367581735,0.5177,0.2823,0.5087259733317304,0.2927324463168957,-1.1,-1.0093155467982928,-0.09068445320170726,-0.6454272615564197,-23.37014959154503,55,13,0.14261857555984525,-0.014882613922287418
0.37,5.867994792378273,0.9129141313362459,0.5177,0.2823,0.5089856916981627,0.2930077475727725,-1.1,-1.0092427295578983,-0.0907572704421018,-0.6604392166601185,-23.385965884121386,55,13,0.14647625984658388,-0.015972739581300556
0.38,5.9273404733731745,0.7943381175198976,0.5177,0.2823,0.509258128751797,0.29327645981775524,-1.1,-1.0092601352058024,-0.09073986479419771,-0.6826142440476015,-23.4084355800253,55,13,0.15032533088176256,-0.017102501562748666
0.39,5.978429942001527,0.6760257426058629,0.5177,0.2823,0.5095412431706585,0.2935314299290485,-1.1,-1.009391650661729,-0.090608349338271,-0.7113145921546322,-23.436687939350985,55,13,0.15416538601543017,-0.01827183967520087
0.4,6.021267340835596,0.5579449868248477,0.5134585950289225,0.2865414049710775,0.509750414790413,0.2938477363029563,-1.0603607012048835,-1.0088910209694244,-0.05146968023545906,-0.405342409012012,-22.019446291711898,55,14,0.1579959767814544,-0.019480679665300572
0.41,6.055935135323541,0.4426621041040718,0.5134585950289225,0.2865414049710775,0.5092766591264505,0.29482477598044426,-1.0603607012048835,-1.0021116034860105,-0.05824909771887299,-0.4499463273208937,-22.096586912444657,55,14,0.16181663451284775,-0.020728851968656477
0.42,6.082683144628704,0.3311997248385572,0.5133120842582286,0.2866879157417715,0.5089023827833742,0.2956708151930354,-1.0589914416656874,-0.9964091943473776,-0.06258224731830975,-0.5415238133347305,-22.190742961468665,55,14,0.1656269028387793,-0.02201600666146538
0.43,6.101744725645286,0.2229264003744307,0.5133120842582286,0.2866879157417715,0.5086222279490575,0.2963824440160887,-1.0589914416656874,-0.9917746912755552,-0.0672167503901322,-0.639364827253642,-22.327783267795205,55,14,0.16942628620792743,-0.023341788185133053
0.44,6.113309089619831,0.11717310239735683,0.5131787683286098,0.2868212316713903,0.5084380810559702,0.2969498491714494,-1.057745498398222,-0.9882627658155178,-0.06948273258270421,-0.7197893537970266,-22.406237984299185,55,14,0.17321424399820368,-0.024705860871782444
0.45,6.117523211712761,0.013394368383605932,0.5131787683286098,0.2868212316713903,0.5083080263991081,0.29740811395733174,-1.057745498398222,-0.9855136095410109,-0.0722318888572111,-0.8022838017114187,-22.515514408996648,55,14,0.17699019481989367,-0.02610790687234119
0.46,6.1145008546708395,-0.08890253230422336,0.5130507880360662,0.2869492119639339,0.5082327114467717,0.2977510693573423,-1.0565494208978141,-0.9835590751842498,-0.07299034571356433,-0.8675719142966247,-22.567639799308747,55,14,0.18075352450512108,-0.027547618092283076
0.47,6.104326087936088,-0.19009414846057837,0.5130507880360662,0.2869492119639339,0.5081758025986043,0.2980110097240858,-1.0565494208978141,-0.9820784713762546,-0.07447094952155953,-0.9344974131942796,-22.650089290219434,55,14,0.18450359334766672,-0.029024694022764388
0.48,6.087061117382492,-0.29052075647353603,0.5129213365534173,0.2870786634465827,0.5081424143334067,0.29818038389673485,-1.0553395939571708,-0.9811309833489338,-0.07420861060823702,-0.9838719983927657,-22.676461977303823,55,13,0.18823974569365046,-0.03053883621026445
0.49,6.0627486569076305,-0.3904219130274712,0.5129213365534173,0.2870786634465827,0.5081012919437722,0.2982896772386381,-1.0553395939571708,-0.9804281060987574,-0.0749114878584134,-1.0347484545537198,-22.73524752913008,55,13,0.19196131810511338,-0.03208974842288551
0.5,6.031418498408863,-0.4900179065648937,0.5127837226521086,0.28721627734789146,0.5080626138948555,0.2983296162814236,-1.0540534827299863,-0.9800607365113642,-0.07399274621862217,-1.0671831273014671,-22.73662036421119,55,13,0.19566764929217825,-0.03367713342168854
0.51,5.993088787785544,-0.5894383184143945,0.5127837226521086,0.28721627734789146,0.5079984925906661,0.29833061704044833,-1.0540534827299863,-0.9797564278047558,-0.07429705492523053,-1.1016332021988315,-22.774623399773056,55,13,0.19935808795777268,-0.035300695025240685
0.52,5.947771705511296,-0.6888088202442182,0.5126306812493644,0.28736931875063565,0.5079244415309409,0.29828121099627203,-1.0526231892463962,-0.9796412641806953,-0.07298192506570089,-1.1165562091289913,-22.75141879371698,55,13,0.20303200196723994,-0.03696013637396332
0.53,5.895473754266407,-0.7881693735177809,0.5126306812493644,0.28736931875063565,0.50781414367646,0.29821311795762584,-1.0526231892463962,-0.9794440454151132,-0.07317914383128299,-1.1350556637404248,-22.771694979956543,55,13,0.20668878473497182,-0.038655163265901855
0.54,5.836200862721171,-0.887571562217146,0.5124538734985202,0.2875461265014798,0.5076888656013565,0.298111627166109,-1.0509707803600021,-0.9793328898843343,-0.07163789047566782,-1.1329412685328752,-22.72444240628711,55,13,0.21032786268153664,-0.040385483062601576
0.55,5.769957698308778,-0.986982415308637,0.5124538734985202,0.2875461265014798,0.5075219569457124,0.29801085475281514,-1.0509707803600021,-0.9790238420228848,-0.0719469383371173,-1.1372789738377458,-22.730747127798498,55,13,0.2139486992186897,-0.042150808693547696
0.56,5.696753984441836,-1.0861794549885293,0.49105387349852025,0.3089461265014798,0.5069329984360612,0.29829932330425707,-0.8509707803600022,-0.9749237155691781,0.12395293520917594,0.5805691585243841,-15.414897010799944,51,21,0.21755080052104836,-0.04395085602261426
0.57,5.6170226122663935,-1.1718072608480483,0.49105387349852025,0.3089461265014798,0.5028689188795236,0.3020385532232203,-0.8509707803600022,-0.938459652599548,0.08748887223954582,0.5597445074699652,-15.613918504943896,52,20,0.22113390860104526,-0.04578497462081754
0.58,5.532069744719001,-1.2381955416667112,0.48715099743260876,0.3128490025673913,0.4992385212526233,0.3053282365466196,-0.8144953031084927,-0.9061228257289893,0.09162752262049656,0.579151580277766,-14.799264850754849,51,21,0.22469822361919814,-0.047651757768816125
0.59,5.443209134848792,-1.2860238910562765,0.48715099743260876,0.3128490025673913,0.495588346160207,0.3086300760196163,-0.8144953031084927,-0.8736367763579008,0.059141473249408105,0.3248089445609049,-15.3029120058429,51,21,0.228244022445183,-0.049549822367571446
0.6,5.351690003151953,-1.3172876269568823,0.48672326547616174,0.3132767345238383,0.4925484878677033,0.3113216851781379,-0.8104978081884272,-0.8468542181755393,0.03635640998711209,0.1055128672258317,-15.640786590947402,52,20,0.23177162049535957,-0.051477873050472044
0.61,5.25856241538587,-1.334809596834103,0.48672326547616174,0.3132767345238383,0.48998520978607174,0.3135437129901282,-0.8104978081884272,-0.8244929756819791,0.013995167493551897,-0.09826147239254138,-16.04627538195813,52,20,0.23528129915733878,-0.05343481857866503
0.62,5.16469324790776,-1.3410768301973324,0.4864622595059163,0.3135377404940837,0.4878775063625529,0.31532305561969665,-0.8080585000552927,-0.8063292090787677,-0.0017292909765249664,-0.24347555463567785,-16.292617165958358,52,20,0.23877330200744848,-0.055419753830160866
0.63,5.070788469913129,-1.3381002848867118,0.4864622595059163,0.3135377404940837,0.4861075994618113,0.31678217548170046,-0.8080585000552927,-0.7912402989724805,-0.01681820108281218,-0.3750151139338117,-16.56582286957528,53,19,0.24224783440587913,-0.05743193598619937
0.64,4.977427384707284,-1.327571119959303,0.48631808933463777,0.3136819106653623,0.48465150920510075,0.3179483943004456,-0.8067111152769885,-0.7789865182460524,-0.027724597030936105,-0.47115195247426583,-16.740789989071267,53,19,0.24570506971361025,-0.05947075024865578
0.65,4.885080755413204,-1.310855292043321,0.48631808933463777,0.3136819106653623,0.48343295197774233,0.3188999123254827,-0.8067111152769885,-0.7688459796834562,-0.03786513559353222,-0.5580530668169243,-16.923974029080654,53,19,0.24914514832316725,-0.0615356895395729
0.66,4.7941337200578955,-1.2890937806856873,0.4862562377361787,0.31374376226382134,0.4824304571953531,0.3196586649796564,-0.806133062954941,-0.7606158514752184,-0.04551721147972265,-0.6262827517669831,-17.054790295523723,53,19,0.2525681798942541,-0.06362633004322024
0.67,4.70489838830981,-1.2632239570722326,0.4862562377361787,0.31374376226382134,0.48159759260173474,0.3202701279290585,-0.806133062954941,-0.7538666573489545,-0.0522664056059865,-0.6881916274749799,-17.181271692568483,53,19,0.25597424121761714,-0.06574231567948444
0.68,4.617628245449371,-1.2340271762378476,0.48625313207742077,0.3137468679225793,0.48091407814279996,0.32075228916283804,-0.8061040381067359,-0.7484195746727194,-0.057684463434016564,-0.7427588422753785,-17.287550716602052,53,19,0.2593633759749012,-0.06788334115116311
0.69,4.532526838330841,-1.2021649346368382,0.48625313207742077,0.3137468679225793,0.48035365857245493,0.32112791448107114,-0.8061040381067359,-0.7440455331373074,-0.06205850496942855,-0.7922828715302761,-17.37953816410062,53,19,0.2627355925976061,-0.0700491401046946
0.7,4.4497563686047945,-1.168186975206633,0.4862923258445682,0.3137076741554318,0.4798957769275173,0.3214130588587324,-0.8064703349959643,-0.7405734489195556,-0.06589688607640876,-0.8416506598487254,-17.47323014835446,53,19,0.2660908632588452,-0.07223947371808384
0.71,4.369443912274339,-1.1325778421770742,0.4862923258445682,0.3137076741554318,0.4795276342812893,0.32161523113396306,-0.8064703349959643,-0.7379084259220852,-0.06856190907387916,-0.8858300742856364,-17.544145974358162,54,18,0.26942912287888465,-0.07445412177382162
0.72,4.291686206324847,-1.0957365306322866,0.4863619141609632,0.31363808583903685,0.4792276037461876,0.32175023542735876,-0.807120693093114,-0.7358755528917237,-0.07124514020139028,-0.9338972282904374,-17.631201586185227,54,18,0.27275026869541513,-0.07669287553087045
0.73,4.216554461243601,-1.058030845722645,0.4863619141609632,0.31363808583903685,0.4789919176680413,0.3218157605677434,-0.807120693093114,-0.7344680238331677,-0.07265266925994629,-0.9755194138140431,-17.68810845157941,54,18,0.27605416123042015,-0.07895553128485545
0.74,4.144096757420923,-1.0197570576743358,0.48645291756463893,0.3135470824353611,0.47879775094825033,0.3218285840120115,-0.8079711921928872,-0.7335007800758827,-0.07447041211700445,-1.0227443615378728,-17.770162907990446,54,18,0.2793406252867375,-0.08124188673664012
0.75,4.074342175463227,-0.9812000782226132,0.48645291756463893,0.3135470824353611,0.47864754995404063,0.3217805298225334,-0.8079711921928872,-0.7330234585584449,-0.07494773363444229,-1.0615270898770222,-17.815783846026164,54,18,0.2826094532445911,-0.08355173679426356
0.76,4.007301779427535,-0.9425796558543965,0.48655834992258695,0.3134416500774131,0.4785176666221522,0.32169011012963133,-0.8089565413325879,-0.7328390490304716,-0.07611749230211629,-1.106005442826251,-17.891675607355804,54,18,0.28586040780903477,-0.08588487287479969
0.77,3.942972521657386,-0.9041147097590678,0.48655834992258695,0.3134416500774131,0.47841502922410495,0.3215461080617603,-0.8089565413325879,-0.7330323418801151,-0.07592419945247275,-1.139709525307969,-17.92605925490988,54,18,0.28909322754023614,-0.08824108072849522
0.78,3.8813374593587637,-0.8659611734834404,0.48667274311967074,0.3133272568803293,0.47831585275531074,0.32136908944317044,-0.8100256366324368,-0.7333960902436465,-0.07662954638879027,-1.1782248235753394,-17.99318787328963,54,18,0.2923076311912037,-0.09062014216208579
0.79,3.8223696761235826,-0.8282791050823535,0.48667274311967074,0.3133272568803293,0.47823052189483395,0.32114670174876514,-0.8100256366324368,-0.7340365427386392,-0.0759890938937976,-1.2037046482236888,-18.015088198415196,54,18,0.29550332496084725,-0.09302183458980223
0.8,3.7660321230942544,-0.7911661182036099,0.4867919521512787,0.31320804784872136,0.4781359150605849,0.3209014847219355,-0.8111397397315765,-0.7347403286852776,-0.07639941104629888,-1.2327227892813786,-18.070597040593466,54,18,0.2986800078656351,-0.09544593461873307
0.81,3.712281630792582,-0.7547261904796057,0.4867919521512787,0.31320804784872136,0.47804528133266194,0.3206210755713799,-0.8111397397315765,-0.7356271297256171,-0.07551261000595944,-1.2468776018639365,-18.07858865458371,54,18,0.30183737989406406,-0.09789221890679796
0.82,3.661068568089741,-0.7190015485900063,0.4869131039449529,0.31308689605504714,0.47793689406651324,0.3203295815708997,-0.8122719994855407,-0.7364827686710913,-0.07578923081444944,-1.2634229382491,-18.1203277935175,54,18,0.3049751475913088,-0.10036046896747686
0.83,3.6123408948188187,-0.6840424457613303,0.4869131039449529,0.31308689605504714,0.4778265123672504,0.3200150876195421,-0.8122719994855407,-0.7374365642416276,-0.07483543524391312,-1.263987471868371,-18.113644552123535,54,18,0.30809303212834804,-0.10285047278935934
0.84,3.5660436839427505,-0.6498393210274187,0.48703458628447016,0.3129654137155299,0.477694314235982,0.31970263581167085,-0.8134073484529921,-0.7382788711416408,-0.0751284773113513,-1.2663277941788142,-18.140858934510582,54,18,0.3111907741715015,-0.10536203014987809
0.85,3.5221230896782947,-0.6163932016942468,0.48703458628447016,0.3129654137155299,0.47755831572312857,0.31938066564370293,-0.8134073484529921,-0.7391478975674096,-0.0742594508855825,-1.2524381654153602,-18.119933893043353,54,18,0.31426814087856764,-0.10789495436463334
0.86,3.480525678553488,-0.5836489370286986,0.4871560034771654,0.3128439965228346,0.4774007802980467,0.31907441560257116,-0.8145420885716392,-0.7398428256797922,-0.07469926289184703,-1.2405149517177014,-18.1336330735872,54,18,0.317324929181003,-0.11044907738567829
0.87,3.4412021594837086,-0.5515662740897633,0.4871560034771654,0.3128439965228346,0.47724174112329776,0.31877217021202,-0.8145420885716392,-0.7405120136041019,-0.07403007496753733,-1.2130011903534967,-18.10032787270034,54,18,0.3203609708782093,-0.11302425103100529
0.88,3.4041064156849936,-0.5200540197615721,0.4872780545080369,0.31272194549196314,0.47706534916168064,0.318498647933219,-0.8156827524115595,-0.7409658935909419,-0.07471685882061763,-1.1885663290633306,-18.103320864011604,54,18,0.32337613366190526,-0.11562035120564772
0.89,3.3691988576781173,-0.4890421992887653,0.4872780545080369,0.31272194549196314,0.4768933803085347,0.31824120630404695,-0.8156827524115595,-0.741365299086391,-0.07431745332516848,-1.1499513770952554,-18.060855654713627,54,18,0.326370323769372,-0.11823727802877464
0.9,3.336445035253639,-0.4584161989735624,0.48740231704770054,0.3125976829522995,0.47671130800505623,0.3180234683359312,-0.816844084557949,-0.7415319610706778,-0.07531212348727123,-1.1164063257300538,-18.057470670077628,54,18,0.32934348438953054,-0.12087495866232613
0.91,3.305818521966814,-0.42809070492905815,0.48740231704770054,0.3125976829522995,0.4765423273738168,0.3178309951115453,-0.816844084557949,-0.7416417395433248,-0.0752023450146242,-1.0706266944821363,-18.01009464303484,54,18,0.3322955957082808,-0.1235333459058802
0.92,3.2772990062315,-0.3979422950465761,0.4875309453358182,0.31246905466418184,0.47637237220666395,0.31768597434062584,-0.8180462180917586,-0.7415252236730753,-0.07652099441868332,-1.0325981963317286,-18.00564118089528,54,18,0.3352266707012972,-0.1262124193377626
0.93,3.250874683304818,-0.36788603561412786,0.4875309453358182,0.31246905466418184,0.47622569552397787,0.31757136493447713,-0.8180462180917586,-0.7413753765864519,-0.07667084150530667,-0.9844972017721847,-17.958111871515126,54,18,0.3381367527998804,-0.12891218217077452
0.94,3.2265397668750997,-0.33780468245251766,0.48766630978238296,0.3123336902176171,0.47608764898099193,0.3175078723955986,-0.8193113063774108,-0.7410269933896887,-0.0782843129877221,-0.9472186938099038,-17.95817469915859,54,18,0.34102590943757516,-0.13163266067912655
0.95,3.2042964379358145,-0.30762886208872176,0.48766630978238296,0.3123336902176171,0.47598317344443763,0.3174752516905833,-0.8193113063774108,-0.740691223148852,-0.07862008322855873,-0.9018931735451352,-17.915135680350726,54,18,0.3438942279218585,-0.1343738993713022
0.96,3.184151772646629,-0.2772610360495482,0.4878106195017529,0.3121893804982471,0.4758959614123437,0.3174929845108244,-0.8206599953434851,-0.7402008266426134,-0.08045916870087166,-0.870487116008833,-17.924811162559763,54,18,0.3467418074045179,-0.13713595895538322
0.97,3.166119364778547,-0.24666010460969376,0.4878106195017529,0.3121893804982471,0.4758513010622823,0.3175373270181489,-0.8206599953434851,-0.7397849254398757,-0.08087506990360938,-0.8325877767543935,-17.89016823603964,54,18,0.3495687538097362,-0.1399189101489521
0.98,3.150215723192566,-0.21575857618732613,0.487965574936648,0.31203442506335205,0.4758302673663056,0.3176270666065223,-0.8221081769780186,-0.7392672932700154,-0.08284088370800324,-0.8113570767929912,-17.913359465284376,54,18,0.3523751710974202,-0.14272283068259492
0.99,3.1364617367128735,-0.18455221675814026,0.487965574936648,0.31203442506335205,0.47585822354827845,0.3177350263133194,-0.8221081769780186,-0.7388934450231733,-0.0832147319548453,-0.7844479100641495,-17.889752725111197,54,18,0.35516115623432487,-0.14554779828814807
1.0,3.1248786478682113,-0.15300940136165406,0.4881320960576447,0.31186790394235536,0.47591292525793577,0.3178800242840953,-0.823664449136866,-0.7384714998777592,-0.08519294925910681,-0.7762822273267925,-17.928629776834498,54,18,0.3579267906883227,-0.14839388741504886
1.01,3.1154895601883816,-0.12116611965380351,0.4881320960576447,0.31186790394235536,0.4760196383372052,0.31803187507088393,-0.823664449136866,-0.7382605760108473,-0.08540387312601871,-0.7623547256358673,-17.91708284436064,54,18,0.36067213641912316,-0.1512611620799506
1.02,3.108315137462853,-0.08902718904287997,0.48831016293312435,0.3116898370668757,0.4761524562062014,0.3182102423564577,-0.825328625543218,-0.7380477282698306,-0.08728089727338739,-0.7683398984359336,-17.971789398511557,54,18,0.36339722847319805,-0.1541496730430744
1.03,3.103375359956962,-0.05666655884652816,0.48831016293312435,0.3116898370668757,0.4763364931995101,0.31838266052048836,-0.825328625543218,-0.7381020218645873,-0.08722660367863067,-0.7675543576805725,-17.97158974309317,54,18,0.3661020728191318,-0.157059451239216
1.04,3.1006836067676864,-0.024339546630182795,0.5097101629331243,0.2902898370668757,0.47695069811051116,0.31816197289502446,-1.025328625543218,-0.7420033888574142,-0.28332523668580367,-2.4890555069189313,-25.293092665110514,55,11,0.36878663959837926,-0.15999050713873
1.05,3.0998334885671475,-0.005428803349741744,0.5097101629331243,0.2902898370668757,0.4810471513360492,0.314487314073484,-1.025328625543218,-0.7783169965540427,-0.24701162898917517,-2.472272570472798,-25.099656930478382,55,11,0.37145055454270176,-0.16294310316902577
1.06,3.0995520824140197,-0.005616738367919598,0.5124651560025881,0.2875348439974119,0.48469412169277015,0.31128134995239876,-1.0510762243232536,-0.8103400548615484,-0.24073616946170528,-2.404208736605135,-25.52761149325011,55,11,0.3740927570322406,-0.16591803897620938
1.07,3.0985757333647306,-0.02352726530053826,0.5124651560025881,0.2875348439974119,0.48818051736549983,0.3082461301700924,-1.0510762243232536,-0.8408148934364835,-0.21026133088677013,-2.156768213874167,-25.04112774955491,55,11,0.37671214210073783,-0.16891605240793617
1.08,3.0957451938877534,-0.05687858447518001,0.5124251935731619,0.2875748064268382,0.49108020441753375,0.3057990684140811,-1.0507027436744096,-0.8657997009507132,-0.1849030427236964,-1.9226481492884757,-24.57854899023797,55,11,0.37930763416862057,-0.17193775586441068
1.09,3.0900985559435643,-0.1027439410777397,0.5124251935731619,0.2875748064268382,0.49346494340704106,0.30386028914302743,-1.0507027436744096,-0.886003057308475,-0.16469968636593468,-1.740956336495561,-24.21070974752823,55,12,0.38187826286920895,-0.17498357851511587
1.1,3.0808594070233175,-0.1584745877536065,0.4910251935731619,0.30897480642683817,0.49502010317583,0.30273717133960154,-0.8507027436744097,-0.8985183730664879,0.047815629392078174,0.11605385007596919,-16.599094081057984,53,19,0.38442316182368336,-0.17805377993426005
1.11,3.0678223088678047,-0.20872705269772082,0.4910251935731619,0.30897480642683817,0.4927686433103511,0.30540058845162976,-0.8507027436744097,-0.875551658218324,0.024848914543914358,0.19523745285301844,-16.569405485340493,53,19,0.3869418765711022,-0.1811482146140861
1.12,3.0517713975603864,-0.2462609184145816,0.4877975599183314,0.31220244008166864,0.49069444669482104,0.3078617550793786,-0.8205379431619753,-0.854358372034778,0.03382042887280279,0.23001744299093285,-15.81068190111956,52,20,0.3894347084684475,-0.18426608892204735
1.13,3.0335854629321033,-0.27093482753412007,0.4877975599183314,0.31220244008166864,0.48848933747337675,0.31042533868697697,-0.8205379431619753,-0.8320747606841109,0.011536817522135645,0.023322597575447745,-16.174673636261723,52,20,0.39190203763622855,-0.18740654568499274
1.14,3.0141318949124174,-0.28394520017655006,0.4876389862323344,0.3123610137676656,0.4867009657571023,0.31254165045080606,-0.8190559460965833,-0.8138285761976458,-0.005227369898937462,-0.17736445399867795,-16.486092042313423,53,20,0.3943442456667063,-0.19056873677964448
1.15,2.99414064757811,-0.287410244329099,0.4876389862323344,0.3123610137676656,0.4852602515008775,0.31427922029001243,-0.8190559460965833,-0.7989767813591827,-0.020079164737400568,-0.3525189294286344,-16.7949730638104,53,19,0.39676161941089166,-0.19375190454503902
1.16,2.974206085203615,-0.2831771472583354,0.4875981944628842,0.31240180553711583,0.4841260314213258,0.3156801117919651,-0.8186747146063942,-0.7871304655577606,-0.03154424904863362,-0.4908500949601286,-17.03419838820621,53,19,0.39915435392600784,-0.19695538283612568
1.17,2.9548054547473392,-0.2727769396766978,0.4875981944628842,0.31240180553711583,0.4832315412742839,0.3168133464263252,-0.8186747146063942,-0.7776551161119569,-0.04101959849443726,-0.6016162621276193,-17.23607296102191,53,19,0.40152256856719787,-0.20017858830368787
1.18,2.9363214133751026,-0.25744698723586135,0.48763750448065407,0.312362495519346,0.48253338817820574,0.3177257861363339,-0.8190420979500378,-0.7701289815040738,-0.04891311644596397,-0.6897867536354868,-17.40792207147175,53,19,0.403866326332694,-0.20342100965772947
1.19,2.9190590036433783,-0.23820518220441084,0.48763750448065407,0.312362495519346,0.481995584969923,0.31845790801714,-0.8190420979500378,-0.7641947521158086,-0.05484734583422923,-0.7525781336091721,-17.529167092873255,54,19,0.4061856485707543,-0.20668220037831492
1.2,2.9032607577570766,-0.21584245560750392,0.48773110061052727,0.3122688993894728,0.48157939885386136,0.3190537262244576,-0.8199168281357689,-0.7594657599504848,-0.06045106818528412,-0.8038693835240784,-17.651585444898846,54,18,0.4084805277865551,-0.20996177232892718
1.21,2.889119882746734,-0.19101731787852055,0.48773110061052727,0.3122688993894728,0.48127212577820017,0.3195317585160758,-0.8199168281357689,-0.7557961087015157,-0.06412071943425324,-0.8323874422585394,-17.716725393601845,54,18,0.4107509383729165,-0.2132593900295252
1.22,2.876789354979058,-0.16421622522886017,0.4878622006325722,0.31213779936742786,0.4810392268621144,0.31993261104000037,-0.8211420619866558,-0.7528346533743648,-0.06830740861229101,-0.8580330605067166,-17.805920256047035,54,18,0.4129968433874871,-0.21657476659373817
1.23,2.866392027467134,-0.13585796752629012,0.4878622006325722,0.31213779936742786,0.4808842480358892,0.3202587708766455,-0.8211420619866558,-0.7505863418656249,-0.07055572012103095,-0.8636539445255195,-17.834217168689385,54,18,0.4152182015159062,-0.21990765822621594
1.24,2.8580253268868034,-0.10622974169994659,0.48802021299923337,0.3119797870007667,0.48077540959941556,0.32054773063227304,-0.8226188130769475,-0.7487274718090772,-0.07389134126787034,-0.8733913593418303,-17.90356859023815,54,18,0.41741496893108415,-0.22325786079499405
1.25,2.8517690490541048,-0.07559824366791838,0.48802021299923337,0.3119797870007667,0.4807272828353684,0.3207900388734353,-0.8226188130769475,-0.7473702988875378,-0.0752485141894097,-0.8658434915682713,-17.90992667883444,54,18,0.4195871031337655,-0.22662520363565283
1.26,2.8476868602269256,-0.0441276399838608,0.48819856483122614,0.3118014351687739,0.4807093659806432,0.3210204745409492,-0.8242856526282814,-0.746209773082682,-0.07807587954559936,-0.8682295408408605,-17.97033062569083,54,18,0.42173456104256857,-0.23000954579282498
1.27,2.845832389837846,-0.011996012305791897,0.48819856483122614,0.3118014351687739,0.4807435134530301,0.3212204010152896,-0.8242856526282814,-0.7454351048492548,-0.07885054777902656,-0.8558474838047789,-17.966234631904115,54,18,0.42385730053784887,-0.23341076876473332
1.28,2.8462483978423085,0.020700767654459336,0.4883930935742617,0.31160690642573835,0.4807991649894081,0.32142236151590464,-0.8261036782641278,-0.7447514181004837,-0.08135226016364405,-0.8582035115679351,-18.026279717429926,54,18,0.42595527591994764,-0.23682877210126194
1.29,2.848971654173399,0.05382805058465047,0.4883930935742617,0.31160690642573835,0.48090278088072347,0.3216005164467747,-0.8261036782641278,-0.7444031048315367,-0.08170057343259107,-0.8478389134139643,-18.020303286186575,54,18,0.4280284380874621,-0.24026346521128422
1.3,2.8540288858390435,0.0871015237760954,0.5097930935742617,0.2902069064257384,0.48143072962557093,0.32137768136894834,-1.0261036782641277,-0.7479114404515075,-0.27819223781262026,-2.5566473872877222,-25.332517349510656,55,11,0.4300767271541687,-0.2437147632947316
1.31,2.8610218992040033,0.10713317066511369,0.5097930935742617,0.2902069064257384,0.4854364817662815,0.31769811485653987,-1.0261036782641277,-0.7838241444380453,-0.24227953382608247,-2.5259633615887642,-25.128459742106315,55,11,0.4320997100019942,-0.24718278924920636
1.32,2.8686778492078084,0.10824506066017983,0.5124977501465479,0.28750224985345224,0.48898949169781125,0.31448867537065084,-1.0513808424911009,-0.8154243753605629,-0.23595646713053797,-2.440340644832469,-25.52897604860707,55,11,0.43409618084559515,-0.250668080493593
1.33,2.8757350992689674,0.09185133881073852,0.5124977501465479,0.28750224985345224,0.49237393596337314,0.31146017743083637,-1.0513808424911009,-0.8453913950118542,-0.20598944747924663,-2.181290949189674,-25.03464367259274,55,11,0.43606491674453235,-0.2541711238078811
1.34,2.881040251317348,0.06025078785137096,0.5124653555178877,0.28753464448211224,0.4951756502711712,0.3090206015557619,-1.0510780889522222,-0.8698834052121932,-0.181194683740029,-1.9399770744736546,-24.57074289431886,55,12,0.43800476028904356,-0.25769230144158944
1.35,2.8836390884313716,0.01635476466085671,0.5124653555178877,0.28753464448211224,0.4974699278275782,0.30708749011738784,-1.0510780889522222,-0.8896375593934128,-0.1614405295588094,-1.7546497729401145,-24.20300410060264,55,12,0.4399146997839794,-0.2612318446363828
1.36,2.882763322046857,-0.037210848538130226,0.49106535551788777,0.3089346444821123,0.49894228670910107,0.30596741435404945,-0.8510780889522223,-0.9017517399768767,0.05067365102465449,0.10104547877637993,-16.596155848539087,53,20,0.4417938600652163,-0.26478984053192794
1.37,2.878218968339333,-0.08513387559240497,0.49106535551788777,0.3089346444821123,0.49661660070987795,0.30862810956164904,-0.8510780889522223,-0.878450893216023,0.027372804263800732,0.17319272292283525,-16.576531193677027,53,20,0.44364185109242715,-0.2683660563862052
1.38,2.870807625181956,-0.12021993207225101,0.48800803183753194,0.3119919681624681,0.49448033079147347,0.3110735315968872,-0.8225049704442233,-0.8570411177317112,0.034536147287487884,0.18115647172402868,-15.891640693224529,52,20,0.44545915368006656,-0.27195976418920015
1.39,2.8614190949420792,-0.1424922581554117,0.48800803183753194,0.3119919681624681,0.4922491576865242,0.31357952356734264,-0.8225049704442233,-0.8349048323326239,0.012399861888400587,-0.04468098698917253,-16.27508993132347,52,20,0.44724632355020943,-0.2755701735767872
1.4,2.8509198756656624,-0.15326391112349397,0.4878811898456007,0.31211881015439935,0.49043841306390695,0.3156226842848044,-0.8213195312672962,-0.8168959288743111,-0.004423602392985115,-0.27087336796230604,-16.6193760957827,53,20,0.4490038940539937,-0.2791964836100186
1.41,2.8400320518788673,-0.15473165934890365,0.4878811898456007,0.31211881015439935,0.4889807391315541,0.31726299755608917,-0.8213195312672962,-0.802419353156378,-0.018900178110918153,-0.4748390529280432,-16.95493976407091,53,19,0.4507322686410074,-0.2828379356719653
1.42,2.8293349682228626,-0.14882097299318442,0.48786949909763894,0.3121305009023611,0.48782763978122795,0.3185425485335898,-0.8212102719405506,-0.7910518282599911,-0.030158443680559532,-0.6491460829983952,-17.234685559765197,53,19,0.4524317231382498,-0.28649381160597875
1.43,2.819283834995965,-0.13715778368371215,0.48786949909763894,0.3121305009023611,0.48691377396403895,0.31952146653560937,-0.8212102719405506,-0.7822070440580823,-0.03900322788246835,-0.7978125762100534,-17.470259341384477,54,19,0.45410242398665635,-0.29016342627375147
1.44,2.8102313345451195,-0.12107258448367599,0.48793309679006047,0.3120669032099396,0.48618776204906444,0.32024731482273894,-0.8218046428977615,-0.7754226505903061,-0.04638199230745532,-0.9285624334963357,-17.68587653858715,54,18,0.45574444988377966,-0.2938461207868145
1.45,2.802445022112572,-0.1016845605042774,0.48793309679006047,0.3120669032099396,0.48561345428539443,0.32075397091364494,-0.8218046428977615,-0.7703714176249975,-0.05143322527276395,-1.0337597703110948,-17.843269564716337,54,18,0.45735781008867693,-0.297541259190867
1.46,2.796122010778346,-0.07987829760363133,0.48804356769495594,0.3119564323050441,0.48514425675092016,0.3210873964967164,-0.82283708126127,-0.7666208423093632,-0.05621623895190675,-1.1288620533962639,-18.00677012620217,54,18,0.4589424604961277,-0.30124822759179465
1.47,2.7914030293814767,-0.05640362162946086,0.48804356769495594,0.3119564323050441,0.4847659926256135,0.32126281548232183,-0.82283708126127,-0.7640335380527651,-0.058803543208504894,-1.1987241175101988,-18.105230758950484,54,18,0.46049831918312917,-0.30496643451991673
1.48,2.7883817399771393,-0.031825376001782577,0.48818151735366533,0.3118184826463347,0.4844375327669907,0.32132406467782565,-0.8241263304080867,-0.7622124677063786,-0.06191386270170807,-1.263469113150303,-18.226658314445327,54,18,0.462025277465635,-0.30869531379726356
1.49,2.7871161303044216,-0.006627687332058262,0.48818151735366533,0.3118184826463347,0.4841600220362596,0.32127429123165857,-0.8241263304080867,-0.7611482747878552,-0.06297805562023151,-1.3036510282979648,-18.280373275446777,54,18,0.46352321257409845,-0.31243432687049416
1.5,2.787634096217029,0.018853259433867897,0.4883341627357295,0.31166583726427055,0.4838975300527476,0.3211551708769981,-0.8255529227638271,-0.7604783139053719,-0.06507460885845517,-1.3421345886229745,-18.367687593251542,54,18,0.4649919945465476,-0.31618296731140677
1.51,2.7899427908308683,0.04432437284536803,0.4883341627357295,0.31166583726427055,0.4836616836945102,0.32096209437874207,-0.8255529227638271,-0.76027845474658,-0.06527446801724712,-1.357324011222633,-18.387451474969676,54,18,0.4664314961002493,-0.31994076352641276
1.52,2.7940300568958523,0.06939314107794962,0.5097341627357295,0.2902658372642705,0.48383027261991435,0.3203253374693767,-1.0255529227638271,-0.7640417530398956,-0.2615111697239315,-3.07815040120094,-25.71054891843239,55,10,0.4678415945611291,-0.32370728370327273
1.53,2.7994518315875196,0.08060543025510922,0.5097341627357295,0.2902658372642705,0.4874532176970936,0.316203832543255,-1.0255529227638271,-0.8002307717469094,-0.22532215101691777,-3.045545463375136,-25.50276665440711,55,10,0.4692217840697311,-0.3274822813022863
1.54,2.804887764913416,0.07226965314924486,0.5124541394414432,0.28754586055855674,0.49059877711885136,0.31253867678219427,-1.050973265807881,-0.8320565436292386,-0.21891672217864233,-2.945813298794824,-25.891336406731746,55,10,0.4705707523087078,-0.3312658364102462
1.55,2.8090334013513454,0.04582347765722711,0.5124541394414432,0.28754586055855674,0.4935540208894762,0.30905235642054085,-1.050973265807881,-0.8621573106025013,-0.18881595520537964,-2.6588643437858934,-25.367642543764582,55,11,0.4718872126415997,-0.335058037948997
1.56,2.8107014579319776,0.0038547097126139748,0.49105413944144327,0.3089458605585568,0.49549315778540104,0.306580114001635,-0.850973265807881,-0.8827712326344208,0.03179796682653979,-0.6633602523098745,-17.55750024870773,53,18,0.47316999852515107,-0.3388589511305786
1.57,2.809336873667762,-0.03724185572001338,0.49105413944144327,0.3089458605585568,0.4934464489823125,0.30810073554058104,-0.850973265807881,-0.8661014646809883,0.015128198873107235,-0.4564548883029112,-17.34506331947854,53,19,0.47441855239793373,-0.3426684597547736
1.58,2.8054500217297393,-0.06926004278014707,0.4881001739918706,0.31189982600812943,0.49143791197473496,0.3095985648172629,-0.8233661120735569,-0.8497165755022063,0.02635046342864933,-0.3292556336460109,-16.52002880632452,52,19,0.47563334264279983,-0.3464861520427356
1.59,2.7997001813289426,-0.09140825350912327,0.4881001739918706,0.31189982600812943,0.4892327387156566,0.31131583106285204,-0.8233661120735569,-0.831387418938339,0.008021306864782085,-0.4348355828716466,-16.74516549950219,53,19,0.47681499632197644,-0.3503116228977285
1.6,2.7927730265892263,-0.10427549134455706,0.48797579676743896,0.3120242032325611,0.4873587254341071,0.3127310017365321,-0.8222037081069062,-0.816017400455958,-0.006186307650948186,-0.547345819557456,-16.948030015381068,53,19,0.4779641800365473,-0.3541445092620923
1.61,2.7852567237247214,-0.10940894166450206,0.48797579676743896,0.3120242032325611,0.4857762595514788,0.31388862275158186,-0.8222037081069062,-0.8032132560742848,-0.018990452032621397,-0.6459538223007286,-17.158449617446554,53,19,0.47908147778665333,-0.35798451966558736
1.62,2.7776374743502994,-0.10818618053266936,0.4879454764408713,0.31205452355912877,0.4844605832840302,0.31481693268118727,-0.8219203405688903,-0.7927273392656209,-0.029193001303269406,-0.7227865555906173,-17.323361603031636,53,19,0.4801673824898062,-0.3618314257043836
1.63,2.7703123033577572,-0.10176638518929247,0.4879454764408713,0.31205452355912877,0.48336468642537367,0.31556490268021675,-0.8219203405688903,-0.7841111389960604,-0.037809201572829854,-0.785852707381735,-17.466997639951508,53,18,0.4812223043794524,-0.3656850483040241
1.64,2.7636053071946916,-0.09110399978335387,0.4879814840926585,0.31201851590734153,0.4824577299704424,0.3161638026481895,-0.8222568606790513,-0.7770744267394996,-0.04518243393955179,-0.8403366055964387,-17.597601051128546,54,18,0.4822465832755176,-0.3695452433805126
1.65,2.757779513969967,-0.07700914097325426,0.4879814840926585,0.31201851590734153,0.48171410522959124,0.31663818904857877,-0.8222568606790513,-0.7713827858925818,-0.05087407478646955,-0.8836461898963652,-17.69544975490194,54,18,0.4832404972235956,-0.3734118892662818
1.66,2.7530471515975505,-0.060136451247349086,0.4880639439594626,0.3119360560405374,0.481103088366293,0.3170163523910653,-0.8230275136398375,-0.7667604484823723,-0.05626706515746516,-0.9277644179506995,-17.80566657210709,54,18,0.4842042702052796,-0.3772848752920619
1.67,2.7495785492542812,-0.04106279808007668,0.4880639439594626,0.3119360560405374,0.4806150368290397,0.3173042738005918,-0.8230275136398375,-0.7631344066749904,-0.059893106964847065,-0.9620833396231764,-17.875562233544102,54,18,0.48513807914372564,-0.3811640916492203
1.68,2.747507705522142,-0.020247008588526388,0.4881787838893529,0.31182121611064717,0.48021917912785744,0.31752803322569373,-0.8241007840126436,-0.7602389995428213,-0.06386178446982238,-1.0030389632895398,-17.975100067516788,54,18,0.4860420582832536,-0.38504942116759766
1.69,2.7469391007908794,0.001884769791135414,0.4881787838893529,0.31182121611064717,0.4799165615166904,0.3176810980604494,-0.8241007840126436,-0.7581096423188829,-0.06599114169376075,-1.0342586752777514,-18.02819725053764,54,18,0.48691630535815894,-0.38894073205506724
1.7,2.7479501537329543,0.025001287203828652,0.4883157183222211,0.31168428167777895,0.47967589162002394,0.3177887430961715,-0.8253805450674864,-0.7564820024479086,-0.06889854261957773,-1.0751315539886073,-18.121789170195903,54,18,0.48776088406189344,-0.39283787302974293
1.71,2.7505968259249607,0.0487763841398698,0.4883157183222211,0.31168428167777895,0.4795052117963062,0.3178366589211104,-0.8253805450674864,-0.7554605274541858,-0.06992001761330058,-1.1052788949748618,-18.163753186310764,54,18,0.4885758300648244,-0.39674066922874185
1.72,2.7549126608185195,0.07274705437896314,0.5097157183222211,0.290284281677779,0.47978186238135373,0.31744127786831183,-1.0253805450674864,-0.7586008622104761,-0.26677968285701037,-2.8512171752464583,-25.51796087276018,55,10,0.4893611510233094,-0.4006489210379476
1.73,2.7604968333990887,0.08335759513363172,0.5097157183222211,0.290284281677779,0.48355091602047523,0.3135516252796459,-1.0253805450674864,-0.794389209069296,-0.23099133599819044,-2.8520113277099766,-25.34801733432412,55,11,0.4901164232263172,-0.40456248159901126
1.74,2.766070825005479,0.07479702016183978,0.5124463550596805,0.28755364494031954,0.48687461489121875,0.3101001534050286,-1.0509005145764534,-0.8260488854494868,-0.22485162912696655,-2.792923266117359,-25.7827201111021,55,10,0.49084035497022865,-0.4084813273854454
1.75,2.7703609981539876,0.048366562270480376,0.5124463550596805,0.28755364494031954,0.4900344173438673,0.3068009410801804,-1.0509005145764534,-0.8562311974938642,-0.19466931708258917,-2.550056728273677,-25.30390742737932,55,11,0.4915316524468098,-0.41240538003191796
1.76,2.772198493856906,0.006517862474925093,0.49104635505968053,0.3089536449403195,0.49219484830381327,0.30448605544369484,-0.8509005145764534,-0.8771438918697124,0.026243377293258985,-0.6006000998076035,-17.538797713255477,53,18,0.49218912026620215,-0.4163344931698038
1.77,2.7710318570326615,-0.03448301823781062,0.49104635505968053,0.3089536449403195,0.490378191190148,0.30613102982853435,-0.8509005145764534,-0.8609680437458583,0.010067529169404899,-0.43961868303413765,-17.369593122246936,53,19,0.4928121704529557,-0.42026838096761093
1.78,2.7673594716552907,-0.06654914900243891,0.48807211755681157,0.3119278824431885,0.48860029660197646,0.3077191760528112,-0.8231039024001077,-0.8452388810708659,0.0221349786707582,-0.3543883461136876,-16.57704802742925,52,19,0.49340125509617844,-0.4242065800031678
1.79,2.761821364674731,-0.08898094170668143,0.48807211755681157,0.3119278824431885,0.4866161117835459,0.3094961224053785,-0.8231039024001077,-0.8276635017671375,0.004559599367029876,-0.4991696929710115,-16.836146341949398,53,19,0.49395697375156755,-0.4281486187459637
1.8,2.755079131950477,-0.10244702600319908,0.4879455570691837,0.31205444293081636,0.48495052278530765,0.3109389827212758,-0.8219210941045201,-0.813138037682392,-0.008783056422128066,-0.644653967061601,-17.06528776619529,53,19,0.49447995577309456,-0.432094045175854
1.81,2.747693205373758,-0.10855741970200664,0.4879455570691837,0.31205444293081636,0.4835580286900094,0.3120966365963722,-0.8219210941045201,-0.8012214583814822,-0.0206996357230379,-0.7684331793852424,-17.29416975786627,53,19,0.4949707388870942,-0.43604244945681464
1.82,2.740119775616173,-0.10872639595984752,0.4879084191562398,0.31209158084376026,0.4824095727686969,0.31300279742347004,-0.821574010805979,-0.7916204455384436,-0.029953565267535454,-0.8606322371220851,-17.465704682625116,53,18,0.4954297656524512,-0.43999346755575985
1.83,2.7327252413183745,-0.10411738961888398,0.4879084191562398,0.31209158084376026,0.4814539571653689,0.3137144452702473,-0.821574010805979,-0.7838294948370168,-0.03774451596896222,-0.9294176452481638,-17.608270166631442,53,18,0.4958573970320791,-0.44394678230766543
1.84,2.725804351140944,-0.09566164344616587,0.4879321742471815,0.31206782575281855,0.4806596173893059,0.3142698538773547,-0.8217960210016962,-0.7775222594016411,-0.04427376160005514,-0.9780226026347629,-17.723494431148254,54,18,0.49625392940902324,-0.4479021238897532
1.85,2.719593865455354,-0.0841120722017934,0.4879321742471815,0.31206782575281855,0.4799990001382286,0.31470397554321805,-0.8217960210016962,-0.7724066569860307,-0.049389364015665516,-1.0056681288910172,-17.800313413482417,54,18,0.49661960693453566,-0.45185927037581586
1.86,2.7142848756866735,-0.07004288050874907,0.4879976601480142,0.31200233985198583,0.4794446010293768,0.31505213607025484,-0.8224080387664879,-0.7681890885940281,-0.05421895017245981,-1.022499277950549,-17.874599803241484,54,18,0.4969546323417991,-0.4558180476929811
1.87,2.7100332530733704,-0.05392032579048555,0.4879976601480142,0.31200233985198583,0.4789871319180773,0.3153315799821379,-0.8224080387664879,-0.7647455697941091,-0.05766246897237881,-1.021262473472359,-17.906276101229363,54,18,0.49725917573882955,-0.45977832880304376
1.88,2.706967056200095,-0.03607766866409312,0.4880929588049392,0.31190704119506085,0.4786026024227898,0.3155740920526972,-0.8232986804199924,-0.7618154690191242,-0.06148321140086821,-1.0168411472516368,-17.954294688829545,54,18,0.4975333802669023,-0.46374003202055103
1.89,2.7051943025166665,-0.016794019111608556,0.4880929588049392,0.31190704119506085,0.47829450022549636,0.31578352161179046,-0.8232986804199924,-0.7593970963257287,-0.06390158409426372,-0.9973090216973635,-17.95750321456486,54,18,0.4977773680832701,-0.4677031180772545
1.9,2.7048067191496448,0.0037505615096744315,0.4882110668782412,0.31178893312175887,0.4780408220228982,0.31598846875172415,-0.8244024941891696,-0.7572539872484767,-0.06714850694069285,-0.9810293068979302,-17.991710241837076,54,18,0.4979912423689021,-0.4716675862282197
1.91,2.7058855004123994,0.02539013749506535,0.4882110668782412,0.31178893312175887,0.4778537052604067,0.31618239285754135,-0.8244024941891696,-0.7554734224432959,-0.0689290717458737,-0.952440134421463,-17.97955966274235,54,18,0.4981750914489882,-0.47563346901031694
1.92,2.7085023690255117,0.04803370517717632,0.488348069330535,0.31165193066946506,0.47771155582865804,0.31639125800078977,-0.8256828909395791,-0.7538331674199453,-0.07184972351963381,-0.9326159215627121,-18.01019720156655,54,18,0.49832898840971857,-0.479600826162204
1.93,2.712723878574703,0.07157465381066533,0.488348069330535,0.31165193066946506,0.47763221641696385,0.3166001790244586,-0.8256828909395791,-0.752486156039744,-0.07319673489983514,-0.9028792883187795,-17.992794831994132,54,18,0.4984529942037611,-0.48356973741805553
1.94,2.7186089748532103,0.09574601093608563,0.509748069330535,0.29025193066946503,0.47800221496704665,0.3164240358836401,-1.0256828909395792,-0.7550382200159184,-0.27064467092366085,-2.591543526485802,-25.292650479696924,55,11,0.49854715432977464,-0.48754029480381855
1.95,2.725796694392538,0.10716243565531348,0.509748069330535,0.29025193066946503,0.481875059333301,0.31280909536857804,-1.0256828909395792,-0.7900278689940324,-0.23565502194554677,-2.539502715777319,-25.074792980314747,55,11,0.4986110860439344,-0.4915126002674661
1.96,2.733061400033394,0.10015548278675433,0.5124582930435477,0.2875417069564523,0.48532010474520937,0.3096841168773592,-1.0510120845191375,-0.820728915270328,-0.23028316924880954,-2.432160187703459,-25.46239809194373,55,11,0.4986435333372595,-0.4954867490886964
1.97,2.739189544034122,0.07615120069957314,0.5124582930435477,0.2875417069564523,0.4886223063125769,0.30676063116848723,-1.0510120845191375,-0.8498209118882696,-0.20119117263086794,-2.1505717140227905,-24.952673148135105,55,11,0.49864324396544524,-0.4994627932228509
1.98,2.743077024195965,0.03768642966305222,0.49105829304354776,0.3089417069564523,0.49095514552791186,0.3048601021735713,-0.8510120845191376,-0.8696030063286944,0.018590921809556793,-0.17197138422829733,-17.166975650883323,53,19,0.4986090679277547,-0.5034407331216834
1.99,2.744238067101712,0.0010704550439606406,0.49105829304354776,0.3089417069564523,0.48934477150275313,0.30694992806640453,-0.8510120845191376,-0.8523123525063018,0.0013002679871642053,0.007703621336429378,-16.987882584794722,53,19,0.4985404677500718,-0.5074205224695972
2.0,2.743236759000579,-0.025601662657261395,0.4881717527549009,0.31182824724509917,0.4878109129161737,0.3090027205546098,-0.8240350724757092,-0.8355523007549714,0.01151722827926227,0.09329331053178702,-16.226529534882623,52,20,0.4984379512622362,-0.511402092363115
2.01,2.740777499861218,-0.041709802338142546,0.4881717527549009,0.31182824724509917,0.48612166029904536,0.31124175591258973,-0.8240350724757092,-0.8171958148899798,-0.006839257585729341,-0.05577402567505424,-16.497173552312777,53,20,0.4983021633664757,-0.515385350666698
2.02,2.7375814104175404,-0.04800331654651375,0.4880922737926524,0.31190772620734764,0.4847855438259834,0.3131491641775146,-0.8232922784360039,-0.8020391572358354,-0.021253121200168534,-0.2200933911968792,-16.763531333358358,53,19,0.49813376397766074,-0.5193701771943428
2.03,2.7342642934250883,-0.046196525295342815,0.4880922737926524,0.31190772620734764,0.4837608887334398,0.31475686474572806,-0.8232922784360039,-0.78973842984912,-0.03355384858688393,-0.37066355886953045,-17.023571707060007,53,19,0.4979333077955549,-0.5233564150671522
2.04,2.7313309342189345,-0.0378195228255722,0.4881132088729426,0.3118867911270574,0.48300742973904576,0.3160952564692696,-0.8234879333919867,-0.7799634264942811,-0.043524506897705595,-0.5048577189765946,-17.255042442669087,53,19,0.4977012405235376,-0.5273438655571678
2.05,2.72918826586229,-0.024193955910689766,0.4881132088729426,0.3118867911270574,0.4824771505452623,0.31720268515263117,-0.8234879333919867,-0.7723105859468744,-0.051177347445112265,-0.6210749683369744,-17.445589908866936,54,19,0.497437913950768,-0.5313322856299907
2.06,2.7281606930801594,-0.006410401691744621,0.4882029825280523,0.31179701747194777,0.4821230538131754,0.318116971963088,-0.824326939514507,-0.7663835600471373,-0.057943379467369716,-0.7304354115032394,-17.63741676184765,54,19,0.49714360309031064,-0.5353213878293902
2.07,2.7285033451841927,0.014585072828476051,0.4882029825280523,0.31179701747194777,0.4819198369058035,0.3188550166811222,-0.824326939514507,-0.7619851412368283,-0.06234179827767872,-0.8206338576667613,-17.772887797258328,54,18,0.49681852105675417,-0.5393108421334833
2.08,2.7304121770490104,0.038037041253245876,0.48833822991545883,0.3116617700845412,0.4818216169196178,0.3194553222233675,-0.8255909337893349,-0.7587210032535062,-0.06686993053582868,-0.9100254575680164,-17.932021112085053,54,18,0.4964628305294458,-0.5433002794380201
2.09,2.734035067681629,0.06327598867432367,0.48833822991545883,0.3116617700845412,0.48182081290450285,0.31991932358580866,-0.8255909337893349,-0.7565490155079169,-0.06904191828141804,-0.9789412355540432,-18.025451837888525,54,18,0.49607665587699523,-0.5472892967029809
2.1,2.739476281104677,0.08957094141704579,0.5097382299154589,0.2902617700845412,0.4822827950919797,0.3198769038630346,-1.025590933789335,-0.7589060337801172,-0.26668490000921774,-2.754577812072647,-25.418335795851,55,11,0.49566008829317865,-0.5512774627888288
2.11,2.7463864268617204,0.10316162451915037,0.5097382299154589,0.2902617700845412,0.4862432512189734,0.3162891414373592,-1.025590933789335,-0.7941780830916548,-0.23141285069768014,-2.776823722300869,-25.27601031182456,55,11,0.49521277869372526,-0.5552642783177635
2.12,2.753519062748937,0.09808579278080931,0.5124616369467123,0.2875383630532877,0.48975739026417753,0.31309916412180383,-1.051043335950582,-0.8255057296372602,-0.22553760631332176,-2.7312748693015667,-25.726477878566207,55,10,0.49473349876588574,-0.5592491178561582
2.13,2.759621725103894,0.07554155167206072,0.5124616369467123,0.2875383630532877,0.49310088195908086,0.31003121005906,-1.051043335950582,-0.8554657565421536,-0.19557757940842835,-2.4962025283114206,-25.25821162499532,55,11,0.49422102788002964,-0.56323132239659
2.14,2.7635398505565463,0.03790993679880194,0.4910616369467123,0.30893836305328776,0.49543663597185467,0.30792379177214885,-0.851043335950582,-0.8762282439238589,0.025184907973276882,-0.5493843043077185,-17.497581309130968,54,19,0.49367425578228424,-0.5672102198347989
2.15,2.764736168910412,0.0014109014139018822,0.4910616369467123,0.30893836305328776,0.49378548612823897,0.30975890041381576,-0.851043335950582,-0.8599373164225383,0.008893980471956331,-0.3869422856774803,-17.32821034641125,53,19,0.493092695354576,-0.5711852105690555
2.16,2.763729827632882,-0.02589525591714194,0.48819067192389753,0.3118093280761025,0.4921649346809267,0.3115230996405226,-0.8242118871392291,-0.8441207244878697,0.019908837348640573,-0.30566409231900965,-16.567665489086885,53,20,0.4924769126041365,-0.5751558609874897
2.17,2.761180507773468,-0.043384780847001155,0.48819067192389753,0.3118093280761025,0.49034522432603206,0.31345124770975535,-0.8242118871392291,-0.826607367365779,0.0023954802265498953,-0.44436764299529247,-16.8207792620681,53,19,0.4918276156895522,-0.5791217971024959
2.18,2.7577658944809498,-0.051756440164804296,0.48810084110479557,0.3118991588952045,0.48883391712182417,0.3150416765673982,-0.8233723467737905,-0.8121132736188129,-0.01125907315497754,-0.585042060102545,-17.05461945056564,53,19,0.4911455314571656,-0.5830826927871049
2.19,2.754061859223735,-0.0526271020565156,0.48810084110479557,0.3118991588952045,0.4875918408500144,0.3163399766359082,-0.8233723467737905,-0.8002423561406832,-0.023129990633107278,-0.7021161676298214,-17.276515841122375,53,19,0.49043128550289056,-0.5870382518597517
2.2,2.750539196520143,-0.04740632421501976,0.4881034089236872,0.31189659107631285,0.4865860410866449,0.31738575927147644,-0.8233963450811885,-0.7906555225007871,-0.03274082258040145,-0.7926314583681755,-17.45659812414474,54,19,0.48968539774854974,-0.590988205646515
2.21,2.747578538749619,-0.0372694394631434,0.4881034089236872,0.31189659107631285,0.48577295534715886,0.3182291913637147,-0.8233963450811885,-0.7829147849693653,-0.040481560111823245,-0.8599094556558846,-17.597344301098918,54,18,0.488908296138033,-0.5949323125615993
2.22,2.745487370444766,-0.023156051609699146,0.488169797733521,0.31183020226647906,0.48511646038757694,0.3189126620332886,-0.8240168012478596,-0.7766532633377962,-0.047363537910063425,-0.9142291275900909,-17.72913554696014,54,18,0.4881003326094825,-0.5988703573494187
2.23,2.7445137993973066,-0.0058506748715049985,0.488169797733521,0.31183020226647906,0.4845964642531629,0.3194619206617117,-0.8240168012478596,-0.7716567457544448,-0.052360055493414825,-0.9492120219922225,-17.81260951260853,54,18,0.48726179615631343,-0.602802148999639
2.24,2.7448573396379117,0.0140410902451885,0.4882803823825852,0.31171961761741485,0.48417953914054634,0.31991520039815524,-0.8250503026409827,-0.7675903679550987,-0.05745993468588395,-0.9820708235924009,-17.913787366410556,54,18,0.486392923296478,-0.6067275173450466
2.25,2.746679291606311,0.03599516628972203,0.4882803823825852,0.31171961761741485,0.48386310515073844,0.3202788262817741,-0.8250503026409827,-0.7644125180792726,-0.060637784561710095,-0.9991731248317337,-17.962181585224375,54,18,0.48549390852667157,-0.6106463089248785
2.26,2.7501068538277904,0.0594009980430906,0.5096803823825852,0.29031961761741487,0.48402493678175396,0.3201775440088198,-1.0250503026409827,-0.7656420223034308,-0.2594082803375519,-2.7282664095717593,-25.316604483476794,55,11,0.484564909062334,-0.6145583809497848
2.27,2.754819936304193,0.070587627668348,0.5096803823825852,0.29031961761741487,0.48770783972131154,0.31656972803080047,-1.0250503026409827,-0.7997108022921079,-0.22533950034887484,-2.710903191168369,-25.14366172817934,55,11,0.4836056449022811,-0.6184634946632455
2.28,2.759605642638429,0.06365652596562958,0.512435482345145,0.287564517654855,0.49097345730040387,0.3133935140057694,-1.0507989004219156,-0.8298128191338056,-0.22098608128811004,-2.6369444369710413,-25.583528155204032,55,11,0.48261497149690463,-0.6223611864292844
2.29,2.763249113274329,0.03982195391105214,0.512435482345145,0.287564517654855,0.49410650293045044,0.3103625616357403,-1.0507989004219156,-0.8586165481061225,-0.19218235231579306,-2.380908977236151,-25.103684612581652,55,11,0.48159175051704595,-0.6262509589802205
2.3,2.7646343256448516,0.0014624892739866341,0.491035482345145,0.30896451765485505,0.4962670475128273,0.30831381914207096,-0.8507989004219156,-0.8782861138820391,0.027487213460123505,-0.4237086786609582,-17.341724992525602,53,19,0.48053494996136453,-0.6301323000848376
2.31,2.7632629310506167,-0.035222245141502656,0.491035482345145,0.30896451765485505,0.49447726128116154,0.31022088803472525,-0.8507989004219156,-0.861011089936618,0.010212189514702374,-0.2624506668810577,-17.181957579173652,53,19,0.4794441454575037,-0.6340048202509733
2.32,2.7596916107797496,-0.06222181363338125,0.4880763255348023,0.31192367446519775,0.492752944751486,0.312062649562011,-0.8231432292972174,-0.8443471737825932,0.02120394448537577,-0.18690347363233784,-16.411518476161074,53,20,0.4783199375554459,-0.6378683887342209
2.33,2.7546144407114523,-0.07893726642736647,0.4880763255348023,0.31192367446519775,0.4908501447011245,0.3140768510731429,-0.8231432292972174,-0.8260434281681382,0.002900198870920856,-0.3497221529923452,-16.695641968193854,53,19,0.4771630651015636,-0.641722900306594
2.34,2.7487403460840594,-0.08615028629054425,0.48798718353538995,0.3120128164646101,0.48928968998400396,0.3157358099478151,-0.8223101264989713,-0.8109994394214435,-0.011310687077527803,-0.5260233534446852,-16.970820147614983,53,19,0.47597428885782606,-0.6455682400891545
2.35,2.742667710935433,-0.08561920521626612,0.48798718353538995,0.3120128164646101,0.4880283477312277,0.3170755255945219,-0.8223101264989713,-0.7988449632556347,-0.023465163243336584,-0.6875121829209796,-17.24084207741021,53,19,0.4747542736998241,-0.6494042436776053
2.36,2.736879169891914,-0.07891137301016765,0.4879940683275614,0.3120059316724386,0.4870269445278899,0.31812784489847007,-0.8223744703510414,-0.7892481291094386,-0.03312634124160274,-0.8299246171096137,-17.475623676973324,54,19,0.4735035862582677,-0.653230691228725
2.37,2.731755612501049,-0.06737127946501041,0.4879940683275614,0.3120059316724386,0.4862353637378656,0.3189357592131624,-0.8223744703510414,-0.7817738529191739,-0.04060061743186749,-0.9539543827334209,-17.672641673155272,54,18,0.4722227104585845,-0.657047309011786
2.38,2.727592654373254,-0.05210900667305457,0.48806446268198106,0.311935537318019,0.4856089451817135,0.31953729564935995,-0.8230323615138415,-0.7760357454782876,-0.04699661603555394,-1.068329531483358,-17.862954898251413,54,18,0.47091206474658787,-0.660853773828471
2.39,2.7246144619504777,-0.03407688472579062,0.48806446268198106,0.311935537318019,0.48512000762923774,0.3199542712623303,-0.8230323615138415,-0.7718025063874179,-0.05122985512642364,-1.1637673394854193,-18.00229102060691,54,18,0.4695720160749606,-0.6646497185877844
2.4,2.722984853672837,-0.014037333175712423,0.488174497286627,0.31182550271337306,0.4847262348152666,0.32022415900169493,-0.8240607223049247,-0.768701288848466,-0.05535943345645866,-1.2553276704554777,-18.155640514322442,54,18,0.46820289056833625,-0.6684347387430757
2.41,2.7228186756648327,0.007346158905931681,0.488174497286627,0.31182550271337306,0.4844171273912225,0.3203538534825578,-0.8240607223049247,-0.7666508126573117,-0.057409909647612944,-1.3271667163760434,-18.25086770862787,54,18,0.46680498370290846,-0.6722084003066938
2.42,2.724188726019705,0.029563649480203152,0.48830726471191976,0.3116927352880803,0.48415384910120063,0.3203800000135494,-0.8253015393637362,-0.7652983602226692,-0.06000317914106701,-1.3980564408641887,-18.372727534674638,54,18,0.46537856557580515,-0.6759702475656661
2.43,2.727135248034045,0.052164177654452595,0.48830726471191976,0.3116927352880803,0.48393790505458756,0.3203004422954632,-0.8253015393637362,-0.7646610409304875,-0.0606404984332487,-1.4484362837431517,-18.43284343107977,54,18,0.4639238879174907,-0.6797198125751677
2.44,2.731668539769005,0.07460499558125412,0.5097072647119197,0.29029273528808025,0.4841436031190802,0.31974183286406554,-1.0253015393637361,-0.7682325712851155,-0.2570689680786207,-3.2049412528892276,-25.79471336357342,55,10,0.4624411840705371,-0.683456622793766
2.45,2.7373565987453516,0.08328924638152567,0.5097072647119197,0.29029273528808025,0.4878141799728086,0.31566352183073,-1.0253015393637361,-0.8044423277667228,-0.22085921159701338,-3.207188534353395,-25.623012404997137,55,10,0.46093028423429755,-0.6871800522558377
2.46,2.742881626765239,0.07239897401337171,0.5124387048677991,0.28756129513220097,0.4910117464926363,0.3120075684402756,-1.0508290174560662,-0.8364681217400031,-0.2143608957160631,-3.1413271988884417,-26.04806723571354,55,10,0.45939020714527723,-0.6908891471958011
2.47,2.7469329724408595,0.043256257684394166,0.5124387048677991,0.28756129513220097,0.494019220320621,0.30849670893569,-1.0508290174560662,-0.8669276232940704,-0.1839013941619958,-2.8843566449140465,-25.552529203829646,55,10,0.45781998966809767,-0.6945829550957742
2.48,2.7483097874229974,-0.0016436650976472415,0.4910387048677991,0.30896129513220094,0.49600357384837807,0.3059709559087768,-0.8508290174560662,-0.88800288756823,0.037173870112163776,-0.9147244804611181,-17.765350437436844,54,18,0.4562187780213073,-0.6982605709420316
2.49,2.7464382161740293,-0.04597408859022408,0.4910387048677991,0.30896129513220094,0.49399068763290915,0.30741254450350614,-0.8508290174560662,-0.8718604819130981,0.021031464457031857,-0.7288587358732992,-17.57027582944352,53,18,0.45458629547014556,-0.7019213564357287
2.5,2.741806145872444,-0.08157567279297645,0.48800309469405995,0.3119969053059401,0.4919995852571886,0.3088114566023468,-0.8224588289164481,-0.8560192927796346,0.03356046386318656,-0.610567814555259,-16.728633830090295,53,19,0.4529232263767853,-0.705565143287743
2.51,2.7350496582339736,-0.10763288007573572,0.48800309469405995,0.3119969053059401,0.48978130616186016,0.31042627511225546,-0.8224588289164481,-0.8381076217271249,0.01564879281067688,-0.7255596745787363,-16.959511505032044,53,19,0.45123036988540977,-0.7091918833520964
2.52,2.726833453804934,-0.12471965775826957,0.48785169694909564,0.3121483030509044,0.48787677694733284,0.3117260176741122,-0.8210438967205198,-0.8231343891271993,0.0020904924066794672,-0.8398534402926041,-17.15367333463863,53,19,0.44950852693193066,-0.7128016029114033
2.53,2.7177251644024567,-0.13436515817170674,0.48785169694909564,0.3121483030509044,0.48624234158268553,0.3127642999991146,-0.8210438967205198,-0.8106450541288365,-0.010398842591683333,-0.9356312858851663,-17.358354798623203,53,18,0.4477583845640703,-0.7163943480007718
2.54,2.708192119161806,-0.1379193923101667,0.4877897492690792,0.31221025073092085,0.484857700817267,0.31357108959949165,-0.8204649464399921,-0.8004047253167075,-0.02006022112328465,-1.0006933501326534,-17.500807901127313,53,18,0.4459805128444686,-0.7199701782126232
2.55,2.698614867531861,-0.13648664005057076,0.4877897492690792,0.31221025073092085,0.4836724039752793,0.3142059178106064,-0.8204649464399921,-0.7918994680592188,-0.02856547838077328,-1.0481206767892908,-17.627258284115022,53,18,0.44417537752833225,-0.7235291667078305
2.56,2.6893051169184026,-0.13096079073579983,0.4877903630464839,0.31220963695351617,0.4826625452710672,0.314700908648442,-0.8204706826774193,-0.7848674608533891,-0.035603221824030196,-1.0786637777669936,-17.72393076142644,54,18,0.4423433572170222,-0.72707140160096
2.57,2.68051801065069,-0.12206820508577222,0.4877903630464839,0.31220963695351617,0.48180014692470335,0.31509115211391386,-0.8204706826774193,-0.7790139944429417,-0.04145668823447757,-1.0957836927083886,-17.79601777216705,54,18,0.4404847559825663,-0.730596984332317
2.58,2.672463831445621,-0.11038103259933815,0.4878353432022435,0.31216465679775657,0.48106344709347226,0.3154042126630344,-0.8208910579648923,-0.77410857210485,-0.0467824858600423,-1.1069921988684177,-17.864956154461122,54,18,0.43859981603881704,-0.734106027360226
2.59,2.6653168302292234,-0.09637692415167563,0.4878353432022435,0.31216465679775657,0.48044126391966263,0.31565560879797633,-0.8208910579648923,-0.7700264258022724,-0.05086463216261983,-1.1083457739167135,-17.904597440814616,54,18,0.43668872839684886,-0.7375986502492099
2.6,2.6592218287069644,-0.08042420759286996,0.48791286688327773,0.3120871331167223,0.4799129755234872,0.3158687294586048,-0.8216155783483899,-0.7665618974994505,-0.05505368084893947,-1.111934602941682,-17.960737910405857,54,18,0.43475164204402184,-0.7410749745915947
2.61,2.6543004112930637,-0.06284964569629996,0.48791286688327773,0.3120871331167223,0.47947859116205793,0.3160447155518298,-0.8216155783483899,-0.7637096991132156,-0.05790587923517432,-1.1081677800670549,-17.983772122644062,54,18,0.4327886731665093,-0.7445351188130536
2.62,2.650653925746911,-0.04390068105703007,0.4880151133741784,0.31198488662582163,0.479117106833742,0.31620411481695543,-0.8225711530297047,-0.7612756636298436,-0.06129548939986118,-1.1123949533617001,-18.037420436974024,54,18,0.43079991187677724,-0.7479791917223573
2.63,2.6483679452123456,-0.02381895803408503,0.4880151133741784,0.31198488662582163,0.4788356743842935,0.31633778031388465,-0.8225711530297047,-0.7593359536000412,-0.06323519942966349,-1.1105888282618055,-18.054132658525212,54,18,0.42878543038528383,-0.7514072872775645
2.64,2.64751285918984,-0.002784707022706115,0.4881365629860268,0.31186343701397323,0.47861179333494364,0.31646480054875736,-0.8237061961310914,-0.7576962279728331,-0.06600996815825833,-1.1204861319716315,-18.111318928914088,54,18,0.42674528783769083,-0.7548194781397246
2.65,2.6481473416318777,0.019004961944371023,0.4881365629860268,0.31186343701397323,0.47845706410413125,0.3165689177955605,-0.8237061961310914,-0.7564866649933211,-0.06721953113777035,-1.1245094551125456,-18.12745421969796,54,18,0.4246795375150428,-0.7582158115679929
2.66,2.650317421667675,0.0414054553215864,0.48827289585400513,0.3117271041459949,0.47834692443831645,0.31666900620229316,-0.8249803350841598,-0.7555042908225387,-0.06947604426162113,-1.1421662301937527,-18.190558349255994,54,18,0.4225882299710938,-0.7615963041351251
2.67,2.65405951663133,0.06424240363423586,0.48827289585400513,0.3117271041459949,0.4782957301635355,0.3167442403939243,-0.8249803350841598,-0.7549135035963142,-0.07006683148784565,-1.1530674962659542,-18.208279392605867,54,18,0.4204714191412044,-0.7649609396686715
2.68,2.659397119590642,0.08717226560991032,0.5096728958540051,0.29032710414599494,0.47868606155827387,0.3164050638199969,-1.0249803350841598,-0.7583224193377427,-0.26665791574641706,-2.883542111093569,-25.543673716852286,55,10,0.41832916249797697,-0.7683096651219871
2.69,2.6659277863239526,0.0967311265580246,0.5096728958540051,0.29032710414599494,0.48256697426192446,0.3125952275575152,-1.0249803350841598,-0.794260498618735,-0.2307198364654247,-2.872521901133681,-25.359814045198974,55,11,0.4161611775223392,-0.7716421637030506
2.7,2.6723786537595604,0.0871760420725244,0.5124325879784006,0.2875674120215994,0.4860042464321718,0.3092418369432925,-1.0507718502654264,-0.8259925677050436,-0.22477928256038282,-2.8074778998146375,-25.794973436944645,55,10,0.4139664790492987,-0.7749575999591146
2.71,2.677484128914853,0.05983832365735901,0.5124325879784006,0.2875674120215994,0.4892855852337794,0.3060504319094077,-1.0507718502654264,-0.8562390342260362,-0.1945328160393902,-2.5596733012612596,-25.310420529508697,55,11,0.4117441236812908,-0.7782550882294808
2.72,2.680083560968236,0.017193030627120784,0.49103258797840066,0.3089674120215994,0.4915714461320879,0.3038544367839777,-0.8507718502654265,-0.8771822866734122,0.026410436407985793,-0.6081169452146572,-17.542735407939066,53,18,0.4094932910533274,-0.7815337501030178
2.73,2.6796333524596165,-0.024473078619925422,0.49103258797840066,0.3089674120215994,0.4898846479982307,0.30562578646542904,-0.8507718502654265,-0.8610227174429989,0.010250867177572398,-0.4480950182477951,-17.374222831686055,53,19,0.4072137009037752,-0.7847930147513111
2.74,2.676638912446886,-0.057064363172556545,0.48801450335448904,0.311985496645511,0.48824041931309614,0.30734508465306865,-0.8225654519111122,-0.8453053021496615,0.022739850238549297,-0.36311837751474557,-16.570264302069383,52,19,0.4049059519338756,-0.7880328906323341
2.75,2.671748605618711,-0.07985642151922553,0.48801450335448904,0.311985496645511,0.48638718792719277,0.3092609740369288,-0.8225654519111122,-0.8276925882722613,0.005127136361149143,-0.5142284771750656,-16.835811700336905,53,19,0.40257076466404373,-0.7912534684664616
2.76,2.665634224774825,-0.09351780909782716,0.4878872450751215,0.31211275492487855,0.48485730313393105,0.31083952372375845,-0.8213761221973972,-0.8131671935054797,-0.008208928691917472,-0.6686982128662942,-17.073826437855676,53,19,0.4002088789184675,-0.7944548596756636
2.77,2.658865901666664,-0.09968291849917045,0.4878872450751215,0.31211275492487855,0.4836043433020827,0.31212697658368616,-0.8213761221973972,-0.8012961061607318,-0.020080016036665427,-0.8031867384142858,-17.313252159080413,53,19,0.3978209494152945,-0.7976371273602789
2.78,2.651908200756135,-0.09979553547918991,0.4878511915119618,0.3121488084880382,0.4825979220698514,0.31315494149245415,-0.8210391730089887,-0.7917896288663422,-0.029249544142646466,-0.9074219870682139,-17.496612390663877,53,18,0.395407540390473,-0.8008002866697701
2.79,2.6451341530970662,-0.09505181673611816,0.4878511915119618,0.3121488084880382,0.4817853263019468,0.3139786973672287,-0.8210391730089887,-0.7841431258631685,-0.03689604714582018,-0.9889642242388885,-17.651066476918114,54,18,0.3929691343335926,-0.8039443158264793
2.8,2.638843152812081,-0.08641604418428744,0.4878770964092882,0.3121229035907118,0.48113307099649477,0.3146355260266997,-0.8212812748531608,-0.7780259110738087,-0.04325536377935213,-1.0508696965620916,-17.778916966697683,54,18,0.3905061434327389,-0.8070691695485802
2.81,2.6332745250960556,-0.07467438250285575,0.4878770964092882,0.3121229035907118,0.4806121376608922,0.3151593116094173,-0.8212812748531608,-0.7731440469695089,-0.048137227883651934,-1.091611587326907,-17.867233046030744,54,18,0.38801891741702355,-0.8101747896624354
2.82,2.6286198159756884,-0.060431688006410376,0.4879450046541216,0.31205499534587844,0.480192966329648,0.3155853425074971,-0.8219159313469304,-0.7691945038418265,-0.05272142750510389,-1.1212808157671743,-17.95308100380993,54,18,0.38550775047388086,-0.8132611144777963
2.83,2.6250333871168166,-0.04418263910168531,0.4879450046541216,0.31205499534587844,0.47986502130141734,0.31593050351763236,-0.8219159313469304,-0.7660491485223597,-0.05586678282457069,-1.1318998353183423,-17.994427246663914,54,18,0.38297288713384997,-0.8163280864614681
2.84,2.6226399653122936,-0.026284384160046987,0.4880422649076317,0.31195773509236835,0.47960249442979547,0.3162273035134325,-0.8228249056788008,-0.7634354715717896,-0.05938943410701125,-1.138356796265087,-18.051451084719826,54,18,0.38041452628418415,-0.8193756571882556
2.85,2.621542723195472,-0.007035847079259738,0.4880422649076317,0.31195773509236835,0.4794079493965152,0.31647994536838675,-0.8228249056788008,-0.7613458132155533,-0.061479092463247564,-1.1281788930378676,-18.061482096983017,54,18,0.37783282625539477,-0.8224037917233746
2.86,2.6218272916983594,0.013368530876389673,0.48816130410357356,0.3118386958964265,0.47925809781514656,0.316718258080609,-0.8239374215287245,-0.7595319613763436,-0.06440546015238091,-1.1197377830739978,-18.10117545280122,54,18,0.3752279075733402,-0.8254124694541286
2.87,2.6235679060085855,0.034753595918653846,0.48816130410357356,0.3118386958964265,0.47916453099006673,0.31693667831319705,-0.8239374215287245,-0.7580740779292974,-0.06586334359942714,-1.097217633567643,-18.092499045216552,54,18,0.3725998582240975,-0.828401685359938
2.88,2.626828789921771,0.057024426285867125,0.48829786889519,0.31170213110481004,0.4791050914617315,0.31716260808621455,-0.8252137279924299,-0.7567405765211072,-0.06847315147132271,-1.081663390504077,-18.124770174726873,54,18,0.3699487362339053,-0.8313714473060517
2.89,2.63166884391795,0.08007589310073782,0.48829786889519,0.31170213110481004,0.47909745603266174,0.31738258721669166,-0.8252137279924299,-0.7556769570839723,-0.06953677090845756,-1.0544974846771882,-18.107555519003697,54,18,0.36727457567608107,-0.8343217747324377
2.9,2.6381395277883346,0.10364672650632169,0.50969786889519,0.29030213110481,0.4795284124688154,0.31721280764324444,-1.0252137279924298,-0.7584841346989294,-0.26672959329350043,-2.7440916059728755,-25.40614704431592,55,11,0.3645773884982239,-0.8372526921791724
2.91,2.6458716013809336,0.11436092695409289,0.50969786889519,0.29030213110481,0.4834519046604264,0.31360090287518927,-1.0252137279924298,-0.7936962700244728,-0.23151745796795697,-2.6914895638097036,-25.185764970075684,55,11,0.36185686728229044,-0.8401639410906774
2.92,2.653629177054289,0.10656214950167153,0.5124434170219413,0.28755658297805875,0.486938628036292,0.31047623718953127,-1.050873056279825,-0.8245906114334616,-0.2262824448463634,-2.5851470423123564,-25.58191264651635,55,10,0.3591120748486684,-0.8430546584161636
2.93,2.660188538629536,0.0816691051723449,0.5124434170219413,0.28755658297805875,0.49027943140400526,0.307546442974397,-1.050873056279825,-0.853892469297235,-0.19698058698259002,-2.3006746019020317,-25.06759347029033,55,11,0.3563421017446017,-0.8459239607066235
2.94,2.664435278770471,0.04222548784820416,0.4910434170219413,0.3089565829780587,0.4926422245454374,0.30564050944321075,-0.850873056279825,-0.8738397901973205,0.022966733917495485,-0.3180386763502433,-17.276360614072576,53,19,0.3535461423348845,-0.8487710062207565
2.95,2.66587644488484,0.0045623522024644805,0.4910434170219413,0.3089565829780587,0.491054096004238,0.30772671872265644,-0.850873056279825,-0.8566699872971097,0.005796931017284734,-0.1340420166850499,-17.091745634560283,53,19,0.3507238609693527,-0.8515953544928038
2.96,2.665073747272782,-0.023203613402680418,0.48810488247369666,0.3118951175263034,0.4895350845759011,0.30977898411205884,-0.8234101165766038,-0.839981777868422,0.016571661291818196,-0.040039558877497994,-16.30748674314009,52,20,0.3478756879287348,-0.8543972848077084
2.97,2.6627321149385046,-0.04040097815500672,0.48810488247369666,0.3118951175263034,0.4878471809894297,0.3120280102629517,-0.8234101165766038,-0.8215849099368134,-0.0018252066397903555,-0.18535757653626622,-16.574212494552775,53,20,0.34500216560024716,-0.8571771626539548
2.98,2.6595765915928746,-0.047749719431060086,0.48801890624248534,0.3119810937575147,0.4865097214107833,0.31394610795420186,-0.8226066003970591,-0.806372025498044,-0.01623457489901514,-0.3468332577577438,-16.836220446168426,53,19,0.3421038652105641,-0.8599353506259347
2.99,2.656227504408565,-0.04695595094473017,0.48801890624248534,0.3119810937575147,0.4854814862397424,0.3155653425742304,-0.8226066003970591,-0.7940006713341681,-0.028605929062891056,-0.49604304311684794,-17.095318275979952,53,19,0.3391813055370201,-0.8626721153225902
3.0,2.653194209911188,-0.03954805703551895,0.48803368479598347,0.3119663152040166,0.4847240556430363,0.3169144560020773,-0.8227447177194714,-0.7841570076680326,-0.038587710051438795,-0.6296626769510154,-17.325099328413504,54,19,0.33623495476600956,-0.8653876191415065
3.01,2.6508878780751863,-0.026848429723112393,0.48803368479598347,0.3119663152040166,0.48418911680814924,0.3180318569165361,-0.8227447177194714,-0.7764357938860426,-0.04630892383342888,-0.7472198514467043,-17.51752154801124,54,19,0.333265244310508,-0.8680819272432133
3.02,2.6496366821951396,-0.009954429769476669,0.4881176881635323,0.31188231183646775,0.48383103869567534,0.3189533530173948,-0.8235297959208626,-0.7704564751321521,-0.05307332078871052,-0.8591175996899355,-17.71084715817054,54,18,0.33027258271923726,-0.8707550178811095
3.03,2.649698657605149,0.010178152021512852,0.4881176881635323,0.31188231183646775,0.4836238486799853,0.31969547967638756,-0.8235297959208626,-0.7660204159046623,-0.05750938001620032,-0.9539963155826283,-17.85138256323953,54,18,0.32725736641618386,-0.8734067925200444
3.04,2.651271619774021,0.03277813452497348,0.48824739254047256,0.3117526074595275,0.48352251510646366,0.3202945099527717,-0.8247419863595564,-0.7627476876340746,-0.06199429872548179,-1.0493983401141,-18.01528327937665,54,18,0.3242199869277805,-0.8760370850954654
3.05,2.6545038685926072,0.05715756078381804,0.48824739254047256,0.3117526074595275,0.4835183587779494,0.3207513123882217,-0.8247419863595564,-0.7605936747183537,-0.06414831164120272,-1.1264217775408287,-18.116838203845475,54,18,0.321160837152987,-0.8786456730009614
3.06,2.659500006550642,0.08278066097143645,0.48840568430903747,0.3115943156909626,0.4835681796388956,0.32110246059511466,-0.8262213486825931,-0.7591856030083223,-0.06703574567427084,-1.2071158507821358,-18.255952849019035,54,18,0.31808031305294276,-0.8812322853229956
3.07,2.6663300713310503,0.10915553525913282,0.48840568430903747,0.3115943156909626,0.4836755492115955,0.3213391355811481,-0.8262213486825931,-0.7585813721048943,-0.06763997657769882,-1.2679085078552648,-18.326656559639734,54,18,0.31497881627712954,-0.8837966142941198
3.08,2.6750311199252126,0.13570127071348612,0.5098056843090375,0.29019431569096255,0.48420836865215305,0.32108971396895963,-1.026221348682593,-0.7622367041270719,-0.2639846445555212,-3.0369735264539175,-25.70078130323561,55,10,0.31185675088248777,-0.8863383214446553
3.09,2.6851944557932663,0.14878755728523407,0.5098056843090375,0.29019431569096255,0.4882078880115781,0.31731084133844134,-1.026221348682593,-0.7985843302483026,-0.22763701843429052,-3.0540448761492254,-25.543149424182424,55,11,0.3087142606797954,-0.8888567201815303
3.1,2.6955193474878487,0.14255884225231247,0.5124826324415526,0.2875173675584475,0.49173323568750155,0.3139429384974121,-1.0512395555285283,-0.8307957812621002,-0.22044377426642814,-3.0006123025925717,-25.96516302743478,55,10,0.305550956615523,-0.8913504230303353
3.11,2.7047073645616826,0.11832911903550312,0.5124826324415526,0.2875173675584475,0.49505749595191684,0.31071410168249625,-1.0512395555285283,-0.8614177302309372,-0.18982182529759117,-2.7621627009639607,-25.48691789942432,55,11,0.3023664814016242,-0.893818035785946
3.12,2.7115650110727536,0.0783427524539545,0.5124377550367816,0.28756224496321847,0.49776685488972083,0.3080408773790203,-1.0508201405306687,-0.8865699883677594,-0.1642501521629094,-2.526811980676421,-25.020699794862203,55,11,0.29916056649931044,-0.8962582435819383
3.13,2.715097998401806,0.025503544168760602,0.5124377550367816,0.28756224496321847,0.4999328299432785,0.30585589968562543,-1.0508201405306687,-0.9069015432600607,-0.14391859727060807,-2.3346667967459425,-24.641306771618478,55,11,0.29593308053523065,-0.8986698925381771
3.14,2.714501373494203,-0.0375295823313143,0.4910377550367816,0.30896224496321845,0.5012432932255835,0.30447668516248655,-0.8508201405306688,-0.9194701311359667,0.06864999060529786,-0.45916480742296867,-17.010451590027706,53,19,0.29268401287452966,-0.9010519893521405
3.15,2.7095502613390603,-0.095376873433282,0.4910377550367816,0.30896224496321845,0.4987242742568855,0.30688360640003853,-0.8508201405306688,-0.8964517189572289,0.04563157842656007,-0.35510833546944187,-16.955778035853257,53,19,0.28941369101986425,-0.9034040256398297
3.16,2.701022332927234,-0.14074120475901958,0.4877861304097777,0.31221386959022235,0.49636338067996566,0.309096214178487,-0.8204311253250247,-0.8750802172966294,0.054649091971604724,-0.2889889845994746,-16.160162586436602,52,20,0.2861230039444674,-0.9057263364850072
3.17,2.689794194828134,-0.17339707378320496,0.4877861304097777,0.31221386959022235,0.49385402052494864,0.3114287342928932,-0.8204311253250247,-0.8524546085610069,0.03202348323598214,-0.46365796908883256,-16.494000726673274,53,20,0.2828128547550103,-0.9080193790202574
3.18,2.6767352153494564,-0.19445946495262326,0.48759131529152233,0.3124086847084777,0.4917531063743037,0.3133320692004129,-0.8186104232852555,-0.8337431643639759,0.015132741078720424,-0.6289754675382482,-16.76346463340874,53,19,0.2794840959136608,-0.9102836458457056
3.19,2.6625804008836695,-0.20595347986083337,0.48759131529152233,0.3124086847084777,0.4899921594215727,0.31488239747437985,-0.8186104232852555,-0.8182699156410884,-0.00034050764416704293,-0.7727557203188031,-17.045076037398008,53,19,0.27613745797627764,-0.912519557392692
3.2,2.647932975599423,-0.2096523008374755,0.48751223068210137,0.3124877693178987,0.4885414458316096,0.3161167496987421,-0.8178713147859937,-0.805722879125549,-0.012148435660444767,-0.879851869526571,-17.247994172978284,53,19,0.27277355507892337,-0.9147274590603071
3.21,2.633281956314697,-0.2070149413414082,0.48751223068210137,0.3124877693178987,0.48733391786420444,0.31710879903517486,-0.8178713147859937,-0.7954444805094842,-0.02242683427650949,-0.9667169585329546,-17.431796522073366,53,19,0.26939289961207546,-0.9169076304814161
3.22,2.6190248417435686,-0.19923470640070903,0.4875131548908368,0.31248684510916325,0.48633679589891177,0.31789704027499277,-0.8178799522508108,-0.7871016617940143,-0.030778290456796475,-1.0339096680251993,-17.57885299405778,54,18,0.26599592012745404,-0.9190602990775012
3.23,2.605482974989545,-0.18729423343413884,0.4875131548908368,0.31248684510916325,0.48551219197263373,0.31852396560058527,-0.8178799522508108,-0.7803188148226563,-0.03756113742815448,-1.0853314002598236,-17.6953248903434,54,18,0.2625829756133257,-0.9211856475763446
3.24,2.5929162502649743,-0.17198130434722922,0.4875694566252537,0.31243054337474635,0.4848300790230376,0.31902294025796324,-0.8184061366846137,-0.7747997138554878,-0.04360642282912586,-1.1299565528144553,-17.80776386196511,54,18,0.2591543697871352,-0.9232838211191946
3.25,2.5815342786787765,-0.15396289505352623,0.4875694566252537,0.31243054337474635,0.4842738318281131,0.3194125578288791,-0.8184061366846137,-0.7703797850431494,-0.04802635164146429,-1.1623848113055835,-17.883057979516373,54,18,0.255710363774074,-0.925354931608134
3.26,2.571504819878315,-0.13376577470517134,0.4876645277815126,0.31233547221848745,0.48381512855958875,0.3197216899371871,-0.8192946521636687,-0.766791769263559,-0.05250288290010974,-1.197116964780495,-17.977461634205675,54,18,0.2522511875073627,-0.927399060054325
3.27,2.5629618183860545,-0.11185918587261241,0.4876645277815126,0.31233547221848745,0.48345142481250114,0.31995202021434277,-0.8192946521636687,-0.7640159093371888,-0.05527874282647993,-1.2220002055956876,-18.029861763390453,54,18,0.24877705090807725,-0.9294162590263396
3.28,2.556009492282982,-0.08860854325284717,0.4877868933261419,0.31221310667385815,0.4831546523243636,0.32012940987055105,-0.8204382553845037,-0.7618001983823016,-0.05863805700220204,-1.255221137722859,-18.11708158522617,54,18,0.24528815284007807,-0.9314065522474002
3.29,2.5507283265708733,-0.06436334780143359,0.4877868933261419,0.31221310667385815,0.4829312190044355,0.32024401570084227,-0.8204382553845037,-0.7602205761850149,-0.06021767919948873,-1.2796988505879385,-18.15811812013899,54,18,0.24178469061914504,-0.9333699364689848
3.3,2.5471763184883596,-0.03939147515446827,0.4879281893555572,0.31207181064444284,0.48275236121465004,0.3203201050196519,-0.8217587790238988,-0.7590292345560661,-0.06272954446783274,-1.3160368666943545,-18.244053009480794,54,18,0.2382668665323049,-0.9353063799423652
3.31,2.545393777027808,-0.013970420282952587,0.4879281893555572,0.31207181064444284,0.48263000921851507,0.3203404001984915,-0.8217587790238988,-0.7583626589720727,-0.06339612005182615,-1.343595300704171,-18.279985671696224,54,18,0.23473489529303776,-0.9372158247481729
3.32,2.545402826218725,0.011691880100360182,0.4880818778233536,0.31191812217664644,0.4825343534972055,0.320328757093168,-0.823195119844426,-0.7579700766543811,-0.06522504319004485,-1.3844732628809995,-18.36655634150902,54,18,0.23118900792118272,-0.939098185296198
3.33,2.547211630830872,0.03736400193463924,0.4880818778233536,0.31191812217664644,0.48248064776736854,0.3202636322051715,-0.823195119844426,-0.7580234372065284,-0.06517168263789752,-1.4155901403476048,-18.39968902347727,54,18,0.2276294567412327,-0.9409533517664318
3.34,2.550812954421663,0.06287883112926486,0.4882425163904637,0.31175748360953637,0.4824382171123509,0.32016935988541173,-0.824696414864146,-0.7582656879763515,-0.0664307268877945,-1.4598424946671038,-18.485828717335618,54,18,0.2240565164318569,-0.9427811893317218
3.35,2.556188234221208,0.08804012551302362,0.4882425163904637,0.31175748360953637,0.48242430257686053,0.3200225973739246,-0.824696414864146,-0.7588864729109157,-0.06580994195323031,-1.4926918698372726,-18.51568328117664,55,17,0.22047048631419808,-0.9445815429780502
3.36,2.5633057538847903,0.1127148197606765,0.48840542644462176,0.3115945735553783,0.4824079538004698,0.31984871507195317,-0.8262189387347825,-0.7596226108809188,-0.06659632785386371,-1.5372886456314268,-18.598352819699123,55,17,0.2168716885600698,-0.9463542377253341
3.37,2.572124818011366,0.13674051213213065,0.48840542644462176,0.3115945735553783,0.4824076523593185,0.31962443858794076,-0.8262189387347825,-0.7606692232307369,-0.06554971550404554,-1.568528061791313,-18.62275419166042,55,17,0.21326046778251453,-0.9480990847347361
3.38,2.582592372426602,0.15979975437393748,0.5098054264446217,0.2901945735553783,0.48280199686221015,0.3189674013632773,-1.0262189387347824,-0.7655822219576305,-0.26063671677715194,-3.3138048755306864,-25.96019641233204,55,10,0.20963718601659848,-0.949815881059569
3.39,2.5942282896609554,0.16847224120488027,0.5098054264446217,0.2901945735553783,0.48664131198002736,0.3148247365703649,-1.0262189387347824,-0.8028811935030953,-0.22333774523168715,-3.311904750648295,-25.773746716693978,55,10,0.20600204402856456,-0.9515040362710309
3.4,2.6056791158747554,0.15706803303655614,0.5124722353159193,0.28752776468408076,0.48999160198276787,0.3111292799401331,-1.0511423861300868,-0.835805243189882,-0.21533714294020478,-3.24255920129199,-26.16973222637146,55,10,0.20235490185651278,-0.9531621644376143
3.41,2.61560662268991,0.12703757085768294,0.5124722353159193,0.28752776468408076,0.493129904191329,0.3076043219932711,-1.0511423861300868,-0.8669419728881211,-0.18420041324196568,-2.9920008920817525,-25.673851387994052,55,10,0.19869565983389403,-0.954788887500346
3.42,2.6227891600957003,0.08095053797731606,0.4910722353159193,0.30892776468408073,0.4952371238186438,0.30507082396072005,-0.8511423861300869,-0.8886275694295502,0.037485183299463376,-1.0330504484750733,-17.89170440827344,54,18,0.19502429298240567,-0.95638293141188
3.43,2.6266332708402294,0.03515882683835571,0.4910722353159193,0.30892776468408073,0.49334024181366776,0.30650520357784083,-0.8511423861300869,-0.8730609263356396,0.021918540205552728,-0.8600108205935704,-17.704422779349358,54,18,0.19134104016818665,-0.9579436019437773
3.44,2.627606245425724,-0.002169903671543313,0.4881361709791252,0.31186382902087484,0.4914599044295021,0.30789168195003497,-0.8237025325151888,-0.8577954321470426,0.0340928996318538,-0.7635389218652677,-16.90595342051752,53,19,0.18764654349974477,-0.959471195140861
3.45,2.626322013012801,-0.030281924298580003,0.4881361709791252,0.31186382902087484,0.4893605020693673,0.3094720859809109,-0.8237025325151888,-0.8406000751797031,0.016897542664514376,-0.892207212826156,-17.14517564228909,53,19,0.18394146504880837,-0.9609661657784611
3.46,2.623419325487891,-0.04978098202793621,0.48798203794559636,0.3120179620544037,0.4875632418751398,0.3107326059945025,-0.8222620368747324,-0.8263113826198005,0.0040493457450681,-1.0176932437559898,-17.344373317070662,53,18,0.18022643110410427,-0.962429016948007
3.47,2.619440513796468,-0.0621837501267194,0.48798203794559636,0.3120179620544037,0.48602239030017724,0.31172733830690214,-0.8222620368747324,-0.8144628597816593,-0.007799177093073095,-1.1232601384116365,-17.55357048143629,53,18,0.17650198248172203,-0.9638601874719721
3.48,2.6148290363958915,-0.06882616467193842,0.48791220859860507,0.312087791401395,0.48471730672893604,0.3124859993616324,-0.8216094261551871,-0.8048191933051573,-0.016790232850029785,-1.1952019444969246,-17.69583656945414,54,18,0.17276857222948833,-0.9652600481203318
3.49,2.609943079376832,-0.07079176860933103,0.48791220859860507,0.312087791401395,0.4835959767269609,0.3130701119181791,-0.8216094261551871,-0.7968498355550555,-0.024759590600131554,-1.2472139740208847,-17.822270224269626,54,18,0.16902657012037312,-0.966628912310215
3.5,2.60507379892811,-0.06895162989627054,0.487900131981167,0.31209986801883305,0.48263553445858687,0.3135121838901108,-0.8214965605716537,-0.790296030693813,-0.03120052987784061,-1.2780178866167617,-17.911703817441992,54,18,0.16527626950272656,-0.967967050839149
3.51,2.6004578063328037,-0.06399842711146617,0.487900131981167,0.31209986801883305,0.48180639583908236,0.3138512690856976,-0.8214965605716537,-0.7848370409036673,-0.03665951966798631,-1.2927099836461584,-17.97776244949286,54,18,0.16151789298717406,-0.9692747009348667
3.52,2.596289476193834,-0.056467926657999296,0.4879281999150981,0.31207180008490193,0.4810893757044352,0.31411554767295924,-0.821758877711197,-0.7802515328573644,-0.04150734485383267,-1.2964456879066368,-18.03177213696817,54,18,0.15775159907637315,-0.9705520748672903
3.53,2.5927300129121336,-0.046788700349029294,0.4879281999150981,0.31207180008490193,0.48047191467054806,0.3143258116769516,-0.821758877711197,-0.7763836588485815,-0.04537521886261553,-1.2878794481206932,-18.05921089862018,54,18,0.15397748877595246,-0.9717993652874568
3.54,2.5899147890767913,-0.035278743922794786,0.48798554549788975,0.3120144545021103,0.4799375171976096,0.3145057644410725,-0.8222948177372872,-0.7730455736286783,-0.04924924410860887,-1.2765374685213997,-18.093558200035268,54,18,0.15019561272371706,-0.9730167487825303
3.55,2.587959655711616,-0.022202457295248487,0.48798554549788975,0.3120144545021103,0.47948518198044277,0.3146623624603384,-0.8222948177372872,-0.7702000912154409,-0.052094726521846324,-1.2562223041552345,-18.099334584812247,54,18,0.1464059790060828,-0.9742043883965416
3.56,2.586964647746139,-0.007746719251401616,0.48806568125674965,0.3119343187432504,0.47909933722043746,0.31481569528823755,-0.8230437500630808,-0.7676805697766351,-0.05536318028644571,-1.2396409383003297,-18.12645153783065,54,18,0.14260856106810468,-0.9753624337116669
3.57,2.5870183309195545,0.007916655093422159,0.48806568125674965,0.3119343187432504,0.4787864941493215,0.314962196826977,-0.8230437500630808,-0.7655340996371235,-0.05750965042595735,-1.216688620107628,-18.122994341910687,54,18,0.1388033065502991,-0.9764910216797045
3.58,2.5881989345081786,0.024671523288047788,0.4881647005079318,0.31183529949206823,0.4785304141518857,0.31511939750980233,-0.8239691636255309,-0.7636028815050622,-0.060366282120468684,-1.2025181528861224,-18.151975961398975,54,18,0.134990145697591,-0.9775902746222641
3.59,2.5905774063393254,0.04238988962388965,0.4881647005079318,0.31183529949206823,0.47834232533458393,0.31527568438049863,-0.8239691636255309,-0.7619936493181555,-0.06197551430737536,-1.1836625082655723,-18.14781237719077,54,18,0.13116900060712078,-0.9786603004026102
3.6,2.594216768796947,0.06098649291603297,0.4882800014371319,0.31171999856286814,0.4782041187214152,0.3154471396317603,-0.8250467424031017,-0.7605466312600698,-0.06450011114303189,-1.1772400940100867,-18.184552374082216,54,18,0.12733979345660482,-0.9797011894609626
3.61,2.5991744299846635,0.08034637228703201,0.4882800014371319,0.31171999856286814,0.4781298786315714,0.3156161016551269,-0.8250467424031017,-0.7594101727871241,-0.06563656961597764,-1.1667842812150075,-18.184806324413103,54,18,0.1235024552983404,-0.9807130151689064
3.62,2.6054988526856415,0.10017204637235572,0.5096800014371319,0.29031999856286816,0.4785084732118714,0.3153887191529794,-1.0250467424031018,-0.7622418413966915,-0.2628049010064103,-2.8779973844419136,-25.505257240698327,55,10,0.11965693286842777,-0.9816958292620123
3.63,2.612815774135118,0.10702978738999283,0.5096800014371319,0.29031999856286816,0.48239116738201016,0.311707530623916,-1.0250467424031018,-0.7975870876546454,-0.22745965474845642,-2.850267669303409,-25.309260187097077,55,11,0.11580309678111501,-0.9826492592065711
3.64,2.6198832752769863,0.09519810873722374,0.512425834864337,0.287574165135663,0.485845146765836,0.30849817346543607,-1.0507087370498789,-0.8287241743009344,-0.22198456274894451,-2.770626306687592,-25.73087621085479,55,10,0.11194065549619073,-0.9835720724353687
3.65,2.6254673549769327,0.06602847613982162,0.512425834864337,0.287574165135663,0.48915738210487486,0.30546578452956635,-1.0507087370498789,-0.8583719512864882,-0.19233678576339064,-2.51315092443242,-25.2414165001692,55,11,0.10806938416945067,-0.9844630235372449
3.66,2.6284388309370854,0.0220002482350306,0.49102583486433704,0.308974165135663,0.4914916624722864,0.3034382539817505,-0.8507087370498789,-0.8787542452828777,0.028045508232998784,-0.5563369922508615,-17.473099025378207,53,19,0.10418914991675687,-0.9853209499513211
3.67,2.628283748247779,-0.020612626424351452,0.49102583486433704,0.308974165135663,0.48987109002720114,0.3053840290932616,-0.8507087370498789,-0.8620890697847642,0.011380332734885257,-0.3955484347634004,-17.308131687720394,53,19,0.10030001626724773,-0.9861452737703255
3.68,2.62553495387697,-0.05373849201211636,0.487975908738987,0.31202409126101305,0.48830987127860753,0.3072806219644468,-0.8222047545699716,-0.845931071561499,0.023726316991527496,-0.3118571865433761,-16.500980086137684,52,19,0.0964023100049643,-0.986936430828671
3.69,2.6208671223773594,-0.07666821607888517,0.487975908738987,0.31202409126101305,0.48655090245397403,0.30937731255580925,-0.8222047545699716,-0.8279139714867514,0.005709216916779836,-0.47141637315470347,-16.778510425770357,53,19,0.0924964119675855,-0.98769499155271
3.7,2.6149774262027186,-0.09010727313763886,0.487849037179592,0.31215096282040805,0.48513092510358946,0.3111302602829803,-0.8210190390616073,-0.8130872187878931,-0.007931820273714196,-0.6391430455924637,-17.03280029965492,53,19,0.08858272792264837,-0.9884215464153895
3.71,2.6084584109582725,-0.09574922129421115,0.487849037179592,0.31215096282040805,0.48400166507785713,0.3125816012338344,-0.8210190390616073,-0.8010283357197325,-0.019990703341874805,-0.7907979831289593,-17.291519502610527,53,19,0.08466166192329308,-0.9891165827660487
3.72,2.601793187771383,-0.09510422655013105,0.4878172487730527,0.31218275122694733,0.4831300911102479,0.31375938614246474,-0.8207219511500253,-0.7914518923728187,-0.029270058777206676,-0.9159605369107203,-17.49817286457888,54,19,0.0807336139534683,-0.9897804813735462
3.73,2.595368870379772,-0.08944214364213733,0.4878172487730527,0.31218275122694733,0.482461049902548,0.31471509508261153,-0.8207219511500253,-0.7838596019623197,-0.03686234918770559,-1.0208875319174875,-17.67630906870594,54,18,0.07679897966606401,-0.9904135309303711
3.74,2.5894940028300635,-0.07980230585227457,0.48784971366528124,0.3121502863347188,0.48195706493205315,0.3154839362762738,-0.8210253613577683,-0.7779118161485018,-0.04311354520926647,-1.1087341726844675,-17.831183391369116,54,18,0.0728581494405241,-0.9910159464768652
3.75,2.5844119494871016,-0.06704894142867328,0.48784971366528124,0.3121502863347188,0.4815865362005226,0.31609668836830573,-0.8210253613577683,-0.7733170459449387,-0.047708315412829605,-1.1761799777140105,-17.944621226887325,54,18,0.06891150572757951,-0.991587883731559
3.76,2.580313004936099,-0.0518612224710705,0.4879246521112389,0.3120753478887611,0.4813152743027539,0.31658815144132446,-0.8217257206657844,-0.7697529105674273,-0.05197281009835708,-1.2334892094201173,-18.05751542012102,54,18,0.06495941955083892,-0.9921294519525297
3.77,2.5773452259458978,-0.03480624744518078,0.4879246521112389,0.3120753478887611,0.4811302204862937,0.3169733558821659,-0.8217257206657844,-0.7670881523557375,-0.05463756831004696,-1.2707860903440977,-18.12229456714899,54,18,0.061002246538797864,-0.9926407252661547
3.78,2.575622129558416,-0.01630549976530266,0.48802758514769384,0.3119724148523062,0.48100105765372975,0.3172858270315318,-0.8226877116606897,-0.7650244421598035,-0.05766326950088618,-1.3030567255992418,-18.202710363516633,54,18,0.05704032260567286,-0.9931217505804641
3.79,2.575231371067178,0.0032845394001523548,0.48802758514769384,0.3119724148523062,0.4809280824763381,0.3175295403231949,-0.8226877116606897,-0.7635445895006692,-0.05914312216002049,-1.3162194546700103,-18.231609502633653,54,18,0.05307396017239654,-0.9935725561397681
3.8,2.576239220379133,0.023722937978615036,0.48814934475561256,0.3118506552443875,0.4808843513591329,0.3177365608575792,-0.8238256519216126,-0.7623728528109989,-0.06145279911061374,-1.3285372827971762,-18.287912142980613,54,18,0.04910344456289522,-0.9939931555853462
3.81,2.57869755564613,0.044798975396866024,0.48814934475561256,0.3118506552443875,0.4808796154969323,0.317902860415093,-0.8238256519216126,-0.7615736218777536,-0.06225203004385904,-1.323221675748211,-18.29133138013635,54,18,0.045129031640224575,-0.99438355421592
3.82,2.582645965515926,0.06639442459855548,0.4882845192854411,0.31171548071455896,0.48088952505795746,0.31805884137023244,-0.8250889652844958,-0.760891045269743,-0.06419792001475277,-1.3209035996184726,-18.33129326889768,54,18,0.0411509460370948,-0.994743750130624
3.83,2.588117390826336,0.08839458279894225,0.4882845192854411,0.31171548071455896,0.4809304595308375,0.31819422086652477,-0.8250889652844958,-0.7604497133846388,-0.06463925189985698,-1.3029218560361218,-18.318181854801345,54,18,0.03716938102008012,-0.9950737386948484
3.84,2.5951368779757784,0.11054003541495111,0.5096845192854411,0.290315480714559,0.4813889948960883,0.3179282754980359,-1.025088965284496,-0.7638351373740765,-0.2612538279104194,-2.997360728026289,-25.61678067110432,55,10,0.033184499077274,-0.9953735100184845
3.85,2.603307795242831,0.11946769641457222,0.5096845192854411,0.290315480714559,0.4853192281610058,0.31421223696960554,-1.025088965284496,-0.7995653793990668,-0.2255235858854291,-2.945211748298634,-25.39239307989662,55,11,0.029196406845727968,-0.9956426347303141
3.86,2.6113655588068094,0.10954503475846811,0.5124352387394318,0.2875647612605683,0.4887927011997383,0.31097910749900337,-1.0507966237330066,-0.8309046434613778,-0.21989198027162882,-2.8354762118987304,-25.7825438948585,55,10,0.02520514390443974,-0.9958798164465981
3.87,2.618060262744742,0.08222129072531918,0.5124352387394318,0.2875647612605683,0.4921023228366065,0.3079395060226586,-1.0507966237330066,-0.8605739103455509,-0.19022271338745578,-2.5432166368367035,-25.257043876104206,55,11,0.02121076110523068,-0.9960837706045563
3.88,2.622254780799874,0.0400810109347156,0.4910352387394317,0.3089647612605683,0.4944168871033757,0.3059269561958117,-0.8507966237330067,-0.8807940696615141,0.029997445928507394,-0.5491879963423707,-17.451701240253357,54,19,0.017213331297308013,-0.9962533219148126
3.89,2.6234389218943677,-0.0004950863338697666,0.4910352387394317,0.3089647612605683,0.49276575949229656,0.30791305187577894,-0.8507966237330067,-0.8637976991426056,0.013001075409598939,-0.35083248589001553,-17.25075756223177,53,19,0.013212969595330581,-0.9963879181185581
3.9,2.62216357368709,-0.031335396109795535,0.4880401612780186,0.31195983872198146,0.4911705816777805,0.30987565543443374,-0.8228052455889584,-0.8471725525390034,0.024367306950044965,-0.2356384452320054,-16.429322031660643,53,20,0.009209831206753805,-0.9964880646065963
3.91,2.619127801877015,-0.05167635641490001,0.4880401612780186,0.31195983872198146,0.4893882363559588,0.3120558911604335,-0.8228052455889584,-0.8286558186706793,0.005850573081720878,-0.3628286629811982,-16.67797981751496,53,19,0.005204067098540668,-0.9965544125284331
3.92,2.615056627183082,-0.062165913617262494,0.48793339280898473,0.3120666071910153,0.4879513022648133,0.31391770554234444,-0.8218074094297638,-0.8132411061797613,-0.008566303250002516,-0.5044964701579867,-16.915679887483275,53,19,0.0011958256002503598,-0.9965876366319432
3.93,2.6105738395434153,-0.06445059830891392,0.48793339280898473,0.3120666071910153,0.4868190223078572,0.3154969712372307,-0.8218074094297638,-0.8005703321057311,-0.021237077324032683,-0.6355623539713435,-17.158420939590517,53,19,-0.0028147408556167186,-0.9965883083754509
3.94,2.606195668056861,-0.06001052492141761,0.4879273255059785,0.31207267449402154,0.48595929394791737,0.3168196231680177,-0.8217507056633501,-0.7903722933640172,-0.031378412299332914,-0.7503950747489081,-17.366338211710413,54,19,-0.006827465355632674,-0.9965568902502022
3.95,2.6023429344064013,-0.05012035971872868,0.4879273255059785,0.31207267449402154,0.4853235830600108,0.3179269211401423,-0.8217507056633501,-0.7822273921489183,-0.039523313514431724,-0.852376973437609,-17.546159567155968,54,19,-0.010842157059094934,-0.9964937489735984
3.96,2.5993562802651042,-0.035843669307606324,0.48799170956690596,0.3120082904330941,0.4848720710658963,0.31885052286678767,-0.822352425858934,-0.7758016270986385,-0.04655079876029544,-0.9496226780911041,-17.72301255594853,54,18,-0.014858593453692812,-0.9963991720822346
3.97,2.597508124699954,-0.018106695839978836,0.48799170956690596,0.3120082904330941,0.48457804674276006,0.3196083480866936,-0.822352425858934,-0.7708864423180677,-0.05146598354086629,-1.034267495978984,-17.856946856323095,54,18,-0.01887651442130586,-0.9962733815008964
3.98,2.5970123461021433,0.002333030742524748,0.48810394918446665,0.3118960508155334,0.48440125434289383,0.3202315128716343,-0.8234013942473517,-0.7671483246320541,-0.056253069615297635,-1.1216086379256638,-18.01190438989418,54,18,-0.022895618135883082,-0.9961165449952634
3.99,2.598033890554738,0.02479446668470976,0.48810394918446665,0.3118960508155334,0.48433159576798135,0.3207209261143077,-0.8234013942473517,-0.7645358395031476,-0.058865554744204074,-1.1956523810506043,-18.114180706855326,54,18,-0.026915558863427867,-0.9959287876180302
4.0,2.6006941632376357,0.04873274848224191,0.4882473606161167,0.31175263938388337,0.48432922111969023,0.32110750298977264,-0.8247416880010902,-0.7627183090183063,-0.06202337898278387,-1.2762694901193214,-18.252789922828324,54,18,-0.0309359464868265,-0.9957101989151665
